Product_ID,In_Stock_Quantity,Avg_Lead_Time_in_Days,Max_Lead_Time_in_Days,Price_Per_Unit,annual_sales_quantity,annual_Revenue,Revenue_Percent,cumulative_sum,ABC_Analysis,value_in_Inventory,ABC_rank,average_weekly_demand,SD_Weekly_Demand,Coff_Var,Coff_rank,XYZ_Analysis,peak_weekly_demand,Safety_Stock,Reorder_Point,Reorder_Time,Inventory_Status
1009XX,7210.00000,30,48.00000,28.76326,65497.00000,1883907.2402200000,0.45238389776354,79.99458122465077,"B[Medium Value]",207383.1046000000,51,1242.754716981,1693.7162100581072,1.362872485547767,135,"Y [Variable Demand]",9780.00000,61736.76549725571430,423337.82054379107441467775510,"Yes [Reorder]","Below Reorder point"
1077ZX,46516.00000,45,70.00000,22.97770,382834.00000,8796644.8018000000,2.11234416308892,43.49544818223732,"A [High Value]",1068830.6932000000,13,7300.509433962,8172.464582012616,1.1194375756840031,105,"Y [Variable Demand]",47369.00000,426758.15363881571430,4267581.53638815714300000000000,"Yes [Reorder]","Below Reorder point"
1083XX,48210.00000,45,68.00000,29.02000,285252.00000,8278013.0400000000,1.98780477341087,45.48325295564819,"A [High Value]",1399054.2000000000,14,5399.547169811,6274.524943503127,1.1620465098599657,113,"Y [Variable Demand]",30791.00000,264401.19675670328570,2568468.76841814586201237048980,"Yes [Reorder]","Below Reorder point"
1116ZX,33398.00000,90,140.00000,32.80000,284106.00000,9318676.8000000000,2.23770005379372,41.38310401914840,"A [High Value]",1095454.4000000000,12,5360.490566037,8421.580245703099,1.571046556645497,153,"Z [Uncertain Demand]",39733.00000,725739.40700809571430,14514788.14016191428600000000000,"Yes [Reorder]","Below Reorder point"
1126ZX,39270.00000,45,62.00000,32.80000,343837.00000,11277853.6000000000,2.70815848097637,29.49399198995508,"A [High Value]",1288056.0000000000,7,6487.490566037,8464.907269433003,1.3048045593697015,128,"Y [Variable Demand]",34572.00000,264503.84635625185710,2342748.35340330161340624973470,"Yes [Reorder]","Below Reorder point"
1130XX,13622.00000,90,139.00000,17.26609,46555.00000,803822.8199500000,0.19302250802847,89.39943937642222,"B[Medium Value]",235198.6779800000,82,902.792452830,812.2213741941031,0.8996767436945423,81,"Y [Variable Demand]",2868.00000,45342.95417749028570,900381.51866082953687464424490,"Yes [Reorder]","Below Reorder point"
1145YX,1816.00000,45,60.00000,85.30066,12641.00000,1078285.6430600000,0.25892944816804,86.78903048684774,"B[Medium Value]",154905.9985600000,70,241.773584905,526.2984891481271,2.176823780624858,197,"Z [Uncertain Demand]",3243.00000,26242.88409564942860,224939.00652289100910186453060,"Yes [Reorder]","Below Reorder point"
1161XX,197.00000,90,142.00000,136.59250,11901.00000,1625587.3425000000,0.39035336902753,83.34633007517665,"B[Medium Value]",26908.7225000000,59,228.150943396,331.5220699689064,1.4530821789918522,139,"Y [Variable Demand]",1682.00000,31187.20215513571430,632654.67226761934568918877550,"Yes [Reorder]","Below Reorder point"
1163ZX,2161.00000,90,136.00000,94.66425,13727.00000,1299456.1597500000,0.31203927134539,85.40659018362078,"B[Medium Value]",204569.4442500000,65,261.452830188,296.5132321357896,1.1340983837221388,108,"Y [Variable Demand]",1521.00000,26189.32075385657140,508821.08891710520391208195920,"Yes [Reorder]","Below Reorder point"
1193YX,2957.00000,90,138.00000,815.00000,14940.00000,12176100.0000000000,2.92385498604241,26.78583350897871,"A [High Value]",2409955.0000000000,6,281.886792452,539.5543115466501,1.914081560378626,180,"Z [Uncertain Demand]",3475.00000,64882.88409605285710,1279119.71501793264451541346940,"Yes [Reorder]","Below Reorder point"
1196XX,1253.00000,90,128.00000,30.00000,787.18422,23615.5266000000,0.00567081209890,99.94740052188021,"C[Low Value]",37590.0000000000,269,14.852532452,12.77379471574873,0.8600415287447257,73,"Y [Variable Demand]",48.49673,695.83621701107375,12723.86225341975127356351875,"Yes [Reorder]","Below Reorder point"
1206YX,786.00000,45,69.00000,236.62475,12110.67458,2865685.3448238550,0.68813892657681,74.01325059479172,"B[Medium Value]",185987.0535000000,40,228.503293962,205.45781472368472,0.8991459648623371,80,"Y [Variable Demand]",1086.25948,9238.46512723196296,91064.87053853813987325257672,"Yes [Reorder]","Below Reorder point"
1214ZX,2472.00000,30,43.00000,317.65903,2790.00000,886268.6937000000,0.21282029049105,88.39398363085531,"B[Medium Value]",785253.1221600000,77,54.169811320,108.43826795263826,2.0018210385126785,187,"Z [Uncertain Demand]",546.00000,3121.84366530342860,19177.03965561662397259706120,"Yes [Reorder]","Below Reorder point"
1224XX,194.00000,90,121.00000,698.00000,6084.00000,4246632.0000000000,1.01974656475286,61.83377481885684,"A [High Value]",135412.0000000000,25,121.867924528,189.757246883351,1.5570729346404266,150,"Z [Uncertain Demand]",868.00000,13437.12668402000000,232270.33267131919522570000000,"Yes [Reorder]","Below Reorder point"
1234YX,532.00000,45,63.00000,498.00000,6136.00000,3055728.0000000000,0.73377399567919,70.48443237375784,"B[Medium Value]",264936.0000000000,35,116.245283018,207.10109696605318,1.781587102626647,170,"Z [Uncertain Demand]",1014.00000,8378.70889488428570,75408.38005395857130000000000,"Yes [Reorder]","Below Reorder point"
1244XX,2834.00000,45,67.00000,60.00000,513300.12589,30798007.5534000000,7.39554602419333,7.39554602419333,"A [High Value]",170040.0000000000,1,9684.908035660,9043.446309634708,0.9337668748465737,86,"Y [Variable Demand]",38142.32492,302816.41541726757502,2898385.69029263975429831389642,"Yes [Reorder]","Below Reorder point"
1255ZX,10.00000,60,83.00000,84500.00000,34.00000,2873000.0000000000,0.68989539958606,73.32511166821491,"B[Medium Value]",845000.0000000000,39,0.641509433,1.1670692146560087,1.8192549549867785,173,"Z [Uncertain Demand]",5.00000,53.78706200214290,637.76087801772480542826530,"Yes [Reorder]","Below Reorder point"
1265ZX,6.00000,60,79.00000,103500.00000,19.00000,1966500.0000000000,0.47221695206613,79.54219732688723,"B[Medium Value]",621000.0000000000,50,0.358490566,0.8488469342793954,2.367836185344401,208,"Z [Uncertain Demand]",5.00000,53.35579514500000,602.15825945546014632500000,"Yes [Reorder]","Below Reorder point"
1266ZX,5.00000,60,86.00000,118900.00000,13.00000,1545700.0000000000,0.37116996837458,83.71750004355123,"B[Medium Value]",594500.0000000000,60,0.245283018,0.6113906319252698,2.4925925851306583,212,"Z [Uncertain Demand]",3.00000,34.75471698642860,426.98652295129800215255100,"Yes [Reorder]","Below Reorder point"
1281YX,3.00000,60,85.00000,139500.00000,132.38963,18468353.3850000000,4.43481797363076,17.19561916702007,"A [High Value]",418500.0000000000,3,2.497917547,1.9255496481499017,0.7708619727910905,30,"X [Uniform Demand]",7.88319,74.31372816181438,902.38098475833427586130196,"Yes [Reorder]","Below Reorder point"
1283ZX,0.00000,60,92.00000,98333.33000,111.10379,10925205.6463207000,2.62347689346617,32.11746888342125,"A [High Value]",0.0000000000,8,2.115165849,1.6162816544813465,0.7641394433658647,28,"X [Uniform Demand]",5.82820,58.46920700357580,768.45243485402262256836360,"Yes [Reorder]","Out Of Stock"
1295ZX,5.00000,120,158.00000,175000.00000,127.67466,22343065.5000000000,5.36525516919598,12.76080119338931,"A [High Value]",875000.0000000000,2,2.408955849,2.0050426656924087,0.8323285237978676,64,"Y [Variable Demand]",6.95114,115.60077401416384,2609.27461341301205685107264,"Yes [Reorder]","Below Reorder point"
1296ZX,4.00000,60,93.00000,30.00000,902.51374,27075.4122000000,0.00650163672770,99.75032542670551,"C[Low Value]",120.0000000000,237,17.028561132,13.616004742913537,0.7995980774515586,47,"X [Uniform Demand]",50.45708,524.39925311824490,6967.01864819639706205839650,"Yes [Reorder]","Below Reorder point"
1308YX,8.00000,45,63.00000,30.00000,822.54187,24676.2561000000,0.00592552577877,99.91863909613804,"C[Low Value]",240.0000000000,264,15.519657924,11.588219881132762,0.7466801096957452,24,"X [Uniform Demand]",51.49042,363.64455048857140,3272.80095439714260000000000,"Yes [Reorder]","Below Reorder point"
1315YX,6.00000,90,131.00000,30.00000,864.30085,25929.0255000000,0.00622635412746,99.84553265300030,"C[Low Value]",180.0000000000,252,16.307563207,12.74263146899604,0.7813939647050566,40,"X [Uniform Demand]",43.08865,596.70463732626040,11166.90106979238616076392560,"Yes [Reorder]","Below Reorder point"
1317YX,4.00000,90,120.00000,30.00000,891.74692,26752.4076000000,0.00642407341841,99.76966731333299,"C[Low Value]",120.0000000000,240,16.825413584,12.558748924872015,0.7464154662334519,23,"X [Uniform Demand]",50.53403,649.97091101954226,11142.35847406360653341182092,"Yes [Reorder]","Below Reorder point"
1317ZX,16.00000,90,144.00000,4908.70000,110.00000,539957.0000000000,0.12966023330118,92.83564692001196,"C[Low Value]",78539.2000000000,104,2.075471698,2.035988069466598,0.9809760698874141,87,"Y [Variable Demand]",9.00000,158.45822102185710,3259.71197523886396241920410,"Yes [Reorder]","Below Reorder point"
1321YX,9.00000,90,137.00000,30.00000,798.03123,23940.9369000000,0.00574895309053,99.94172970978131,"C[Low Value]",270.0000000000,268,15.057193018,11.918905971989652,0.7915755584551046,45,"X [Uniform Demand]",55.31101,888.92299974486671,17397.49299462571003868077141,"Yes [Reorder]","Below Reorder point"
1325XX,6.00000,45,69.00000,30.00000,885.75565,26572.6695000000,0.00638091278899,99.78884329620562,"C[Low Value]",180.0000000000,243,16.712370754,14.634405842979016,0.8756630676994983,76,"Y [Variable Demand]",52.67210,411.75974514533260,4058.77463065945566497923820,"Yes [Reorder]","Below Reorder point"
1326XX,8.00000,90,126.00000,30.00000,847.56921,25427.0763000000,0.00610582073244,99.87630756384798,"C[Low Value]",240.0000000000,257,15.991871886,12.61652062729554,0.7889333229551824,43,"X [Uniform Demand]",47.90387,656.65987860857140,11819.87781495428520000000000,"Yes [Reorder]","Below Reorder point"
1330ZX,8.00000,60,92.00000,6000.00000,50.00000,300000.0000000000,0.07203919939987,96.70749581044463,"C[Low Value]",48000.0000000000,144,0.962264150,1.577701506442783,1.6395721553616884,161,"Z [Uncertain Demand]",8.00000,96.89487870742860,1273.47554864315170396506120,"Yes [Reorder]","Below Reorder point"
1366YX,12.00000,45,67.00000,16900.00000,43.00000,726700.0000000000,0.17450295401294,90.13275089073830,"C[Low Value]",202800.0000000000,86,0.811320754,1.759680543194572,2.1689085784123447,195,"Z [Uncertain Demand]",11.00000,100.07008086242860,957.81363106892942248753060,"Yes [Reorder]","Below Reorder point"
1367ZX,5.00000,90,121.00000,22000.00000,136.88017,3011363.7400000000,0.72312077643797,71.93548801779649,"B[Medium Value]",110000.0000000000,37,2.582644716,2.1742703923512154,0.8418774672649226,67,"Y [Variable Demand]",12.27468,178.97117935694670,3093.64467161367068617360950,"Yes [Reorder]","Below Reorder point"
1373YX,9.00000,45,59.00000,30.00000,841.49367,25244.8101000000,0.00606205302869,99.90062553087115,"C[Low Value]",270.0000000000,261,15.877239056,12.458129984591825,0.7846534237250716,42,"X [Uniform Demand]",50.83885,326.43091318237780,2751.34626806493807818149840,"Yes [Reorder]","Below Reorder point"
1374ZX,4.00000,45,70.00000,30.00000,929.94030,27898.2090000000,0.00669921547017,99.71745146153470,"C[Low Value]",120.0000000000,232,17.546043396,14.137711642118807,0.8057492691111093,50,"X [Uniform Demand]",59.42601,481.46410674000000,4814.64106740000000000000000,"Yes [Reorder]","Below Reorder point"
1379ZX,271.00000,45,72.00000,490.18125,1211.00000,593609.4937500000,0.14254384228637,92.16054481995303,"C[Low Value]",132839.1187500000,99,23.509433962,29.323583555046444,1.2473113390328443,122,"Y [Variable Demand]",183.00000,1731.15363868500000,17806.15171095203311522500000,"Yes [Reorder]","Below Reorder point"
1382ZX,172.00000,90,123.00000,613.52125,879.00000,539285.1787500000,0.12949890841788,92.96514582842984,"C[Low Value]",105525.6550000000,105,18.358490566,18.992644395076624,1.0345428087781399,98,"Y [Variable Demand]",94.00000,1415.67654982542860,24875.45937489724116436053060,"Yes [Reorder]","Below Reorder point"
1385ZX,89.00000,45,66.00000,1781.54750,929.00000,1655057.6275000000,0.39743008815248,82.95597670614912,"B[Medium Value]",158557.7275000000,58,17.679245283,28.149046423009462,1.592208602370431,157,"Z [Uncertain Demand]",191.00000,1687.20485164300000,15907.93145738416865620400000,"Yes [Reorder]","Below Reorder point"
1390YX,11.00000,30,47.00000,30.00000,850.66947,25520.0841000000,0.00612815475727,99.87020174311554,"C[Low Value]",330.0000000000,256,16.050367358,12.975237698361948,0.8084075217066411,53,"X [Uniform Demand]",50.37049,269.41457273703696,1808.92641687170113921798944,"Yes [Reorder]","Below Reorder point"
1403ZX,10.00000,30,42.00000,2550.00000,268.51492,684713.0460000000,0.16442059884161,90.63415307477246,"C[Low Value]",25500.0000000000,89,5.122923018,4.169449868503122,0.8138810311717087,56,"X [Uniform Demand]",27.48598,142.96049563714290,857.76297382285740000000000,"Yes [Reorder]","Below Reorder point"
1420ZX,9.00000,30,46.00000,30.00000,909.39991,27281.9973000000,0.00655124414507,99.73728605995431,"C[Low Value]",270.0000000000,235,17.158488867,14.098711676482887,0.821675602424301,59,"Y [Variable Demand]",53.41922,277.50420768996322,1823.59907898654221384715862,"Yes [Reorder]","Below Reorder point"
1434YX,27.00000,30,48.00000,30.00000,897.74562,26932.3686000000,0.00646728757295,99.75679271427846,"C[Low Value]",810.0000000000,238,16.938596603,13.796511976690827,0.8145014784900965,57,"X [Uniform Demand]",50.90083,276.44027740844271,1895.59047361840140037022247,"Yes [Reorder]","Below Reorder point"
1436YX,81.00000,30,41.00000,125.00000,62.00000,7750.0000000000,0.00186101265116,99.99491753002557,"C[Low Value]",10125.0000000000,283,1.207547169,5.085526968728197,4.211452023807608,257,"Z [Uncertain Demand]",32.00000,182.25336927114290,1067.48401999065793296126530,"Yes [Reorder]","Below Reorder point"
1441XX,38.00000,45,70.00000,190.00000,138.00000,26220.0000000000,0.00629622602755,99.82048164778983,"C[Low Value]",7220.0000000000,248,2.603773584,8.198802541746417,3.1488154700268356,229,"Z [Uncertain Demand]",56.00000,543.26145553142860,5432.61455531428600000000000,"Yes [Reorder]","Below Reorder point"
1445YX,46.00000,30,44.00000,1291.86500,377.00000,487033.1050000000,0.11695158321810,93.95125485578853,"C[Low Value]",59425.7900000000,113,7.283018867,12.395034548256579,1.701908888966301,164,"Z [Uncertain Demand]",88.00000,521.92991907857140,3280.70234812107028637244900,"Yes [Reorder]","Below Reorder point"
1464XX,21.00000,30,42.00000,842.57000,234.00000,197161.3800000000,0.04734449322591,98.37788942003818,"C[Low Value]",17693.9700000000,172,5.226415094,6.123390075470935,1.1716233719171436,115,"Y [Variable Demand]",43.00000,235.60107816857140,1413.60646901142840000000000,"Yes [Reorder]","Below Reorder point"
1468XX,459.00000,60,94.00000,30.00000,845.73961,25372.1883000000,0.00609264044052,99.88849371510662,"C[Low Value]",13770.0000000000,259,15.957351132,12.191528783614954,0.7640070512183397,27,"X [Uniform Demand]",42.85959,438.76577027265162,5891.99748626774131412991336,"Yes [Reorder]","Below Reorder point"
1479ZX,303.00000,60,81.00000,385.56250,1198.00000,461903.8750000000,0.11091728451565,94.17470287716357,"C[Low Value]",116825.4375000000,115,23.075471698,19.782638716531768,0.857301596059957,72,"Y [Variable Demand]",77.00000,693.21024255557140,8021.43280641737895319046940,"Yes [Reorder]","Below Reorder point"
1484YX,439.00000,15,23.00000,0.20000,464.00000,92.8000000000,0.00002228412568,100.00000000000006,"C[Low Value]",87.8000000000,290,8.754716981,60.77670409596887,6.942166631756348,287,"Z [Uncertain Demand]",447.00000,1449.95417757857140,4764.13515386533875887244900,"Yes [Reorder]","Below Reorder point"
1486ZX,66.00000,60,81.00000,190.72000,519.00000,98983.6800000000,0.02376901686951,99.26120696550521,"C[Low Value]",12587.5200000000,198,9.792452830,8.677358285435304,0.8861271466992916,79,"Y [Variable Demand]",46.00000,448.35040429457140,5188.05467807360459815946940,"Yes [Reorder]","Below Reorder point"
1488YX,45.00000,30,47.00000,70.00000,1642.00000,114940.0000000000,0.02760061859674,99.10960895674196,"C[Low Value]",3150.0000000000,192,30.981132075,223.4081205400706,7.21110255103777,290,"Z [Uncertain Demand]",1642.00000,10892.08086206657140,73132.54292790638486798097960,"Yes [Reorder]","Below Reorder point"
1488ZX,100.00000,15,22.00000,30.00000,907.52397,27225.7191000000,0.00653773002350,99.74382378997781,"C[Low Value]",3000.0000000000,236,17.123093773,14.244083338551777,0.8318638867125812,63,"Y [Variable Demand]",47.44321,112.41488758862012,353.30393232502190206689704,"Yes [Reorder]","Below Reorder point"
1491ZX,0.00000,30,43.00000,30.00000,0.00000,0.0000000000,0.00000000000000,100.00000000000006,"C[Low Value]",0.0000000000,290,0.000000000,0,10000,291,"Z [Uncertain Demand]",0.00000,0.00000000000000,0.00000000000000000000000,"No [There is Time]","Out Of Stock"
1497ZX,2096.00000,40,53.00000,16.71828,25236.54000,421911.5419512000,0.10131389899909,94.69453811242794,"C[Low Value]",35041.5148800000,120,489.302641509,489.84735202648795,1.0011132384566903,90,"Y [Variable Demand]",2385.00000,15261.84204749785710,115553.94692451441430821520410,"Yes [Reorder]","Below Reorder point"
1499XX,4218.00000,20,30.00000,14.22359,22235.10600,316263.0313505400,0.07594445192756,96.26783351438446,"C[Low Value]",59995.1026200000,138,419.530301886,516.8972562148833,1.2320856297892424,121,"Y [Variable Demand]",3083.10600,12014.65342098063860,51491.37179562084155644240100,"Yes [Reorder]","Below Reorder point"
1499ZX,25.00000,60,86.00000,6600.00000,275.00000,1815000.0000000000,0.43583715636920,81.32511362914292,"B[Medium Value]",165000.0000000000,54,5.226415094,4.587273245371011,0.8777093213735103,78,"Y [Variable Demand]",20.00000,200.91644203714290,2468.40200202710102711632650,"Yes [Reorder]","Below Reorder point"
1511ZX,50.00000,30,41.00000,6.78700,2032.00000,13791.1840000000,0.00331168618045,99.98216452286924,"C[Low Value]",339.3500000000,277,38.679245283,57.808980690607285,1.4945736471237467,144,"Y [Variable Demand]",338.00000,1813.94609159600000,10624.54139337457912977200000,"Yes [Reorder]","Below Reorder point"
1514YX,13.00000,45,68.00000,332.80000,56.00000,18636.8000000000,0.00447526717125,99.96734016179948,"C[Low Value]",4326.4000000000,273,1.056603773,3.6570691138371982,3.4611546989404878,236,"Z [Uncertain Demand]",25.00000,236.06469002357140,2293.19984587581797427897960,"Yes [Reorder]","Below Reorder point"
1571XX,86.00000,60,93.00000,320.00000,648.09466,207390.2912000000,0.04980076847118,98.23549481265647,"C[Low Value]",27520.0000000000,169,12.228201132,9.855885623731346,0.805996361798422,51,"X [Uniform Demand]",39.73572,423.10427026876020,5621.24244755416817837945700,"Yes [Reorder]","Below Reorder point"
1582ZX,23.00000,45,63.00000,550.00000,252.09359,138651.4745000000,0.03329447072864,98.93473344549697,"C[Low Value]",12650.0000000000,186,4.756482830,3.3310225408879033,0.7003121129500436,10,"X [Uniform Demand]",11.05877,68.95154037857140,620.56386340714260000000000,"Yes [Reorder]","Below Reorder point"
1584YX,20.00000,45,65.00000,425.00000,209.83797,89181.1372500000,0.02141512576353,99.28262209126874,"C[Low Value]",8500.0000000000,199,4.562980566,4.865345796062775,1.0662648516006796,102,"Y [Variable Demand]",32.00000,267.80941062428570,2486.80166989136049241122450,"Yes [Reorder]","Below Reorder point"
1586ZX,972.00000,30,40.00000,286.57100,2477.00000,709836.3670000000,0.17045347861197,90.30320436935027,"C[Low Value]",278547.0120000000,87,46.735849056,234.91814318579992,5.026508513931467,267,"Z [Uncertain Demand]",1719.00000,9622.56064641171430,54986.06083388906438673951020,"Yes [Reorder]","Below Reorder point"
1601XX,14.00000,30,42.00000,918.40300,350.00000,321441.0500000000,0.07718785298751,96.11499985110181,"C[Low Value]",12857.6420000000,136,6.603773584,8.921755522828093,1.3510086936421066,133,"Y [Variable Demand]",62.00000,343.69811321142860,2062.18867926857160000000000,"Yes [Reorder]","Below Reorder point"
1624XX,17.00000,15,21.00000,722.10100,320.00000,231072.3200000000,0.05548754978757,97.98078385519738,"C[Low Value]",12275.7170000000,164,6.075471698,4.902248450643899,0.8068918257421367,52,"X [Uniform Demand]",19.00000,43.98113207571430,131.94339622714290000000000,"Yes [Reorder]","Below Reorder point"
1624ZX,18.00000,30,48.00000,1531.37700,287.00000,439505.1990000000,0.10553867556013,94.38722437516972,"C[Low Value]",27564.7860000000,117,5.471698113,5.645515079480166,1.03176654904758,97,"Y [Variable Demand]",27.00000,161.69272236900000,1108.75009622147246823300000,"Yes [Reorder]","Below Reorder point"
1630YX,262.00000,60,91.00000,442.80300,224.00000,99187.8720000000,0.02381804963019,99.23743794863570,"C[Low Value]",116014.3860000000,197,4.283018867,4.4905660377358485,1.0484581500060548,101,"Y [Variable Demand]",19.00000,210.28840971142860,2733.74932624857180000000000,"Yes [Reorder]","Below Reorder point"
1650XX,221.00000,60,93.00000,284.87000,293.00000,83466.9100000000,0.02004296457594,99.32353163576255,"C[Low Value]",62956.2700000000,201,5.528301886,21.27324812518429,3.848061948110532,248,"Z [Uncertain Demand]",142.00000,1839.18598373285710,24434.89949685139719733367350,"Yes [Reorder]","Below Reorder point"
1668ZX,400.00000,30,46.00000,0.85000,500.00000,425.0000000000,0.00010205553248,99.99997771587438,"C[Low Value]",340.0000000000,289,9.433962264,57.47567473451056,6.092421521955599,278,"Z [Uncertain Demand]",420.00000,2719.56873297428570,17871.45167266549085729673470,"Yes [Reorder]","Below Reorder point"
1672XX,415.00000,15,24.00000,30.00000,879.24648,26377.3944000000,0.00633402124944,99.80787045884324,"C[Low Value]",12450.0000000000,246,16.589556226,14.100194418714652,0.8499440386847785,70,"Y [Variable Demand]",68.14897,198.10456233391486,679.21564217450548438062008,"Yes [Reorder]","Below Reorder point"
1678ZX,230.00000,60,87.00000,30.00000,887.39065,26621.7195000000,0.00639269119809,99.78246238341663,"C[Low Value]",6900.0000000000,242,16.743219811,12.927375393456382,0.772096140371001,32,"X [Uniform Demand]",55.31434,543.96491301696322,6760.70677575713435541887816,"Yes [Reorder]","Below Reorder point"
1681ZX,218.00000,30,47.00000,93.00000,4441.13460,413025.5178000000,0.09918009211343,94.99365292659301,"C[Low Value]",20274.0000000000,123,83.794992452,68.84750694621208,0.8216183918824238,58,"X [Uniform Demand]",388.65856,2250.44322080895474,15110.11876764571233405458436,"Yes [Reorder]","Below Reorder point"
1688ZX,287.00000,60,79.00000,30.00000,968.05522,29041.6566000000,0.00697379230237,99.69702136286366,"C[Low Value]",8610.0000000000,229,18.265192830,14.202177416653656,0.7775542009787616,35,"X [Uniform Demand]",48.12095,386.52049713705645,4362.15989598497958061638825,"Yes [Reorder]","Below Reorder point"
1695ZX,30.00000,15,22.00000,1649.30000,177.00000,291926.1000000000,0.07010040842642,96.84927126081433,"C[Low Value]",49479.0000000000,146,3.339622641,2.6842896971741492,0.803770361423343,49,"X [Uniform Demand]",11.00000,27.41509433128570,86.16172501768497628746940,"Yes [Reorder]","Below Reorder point"
1698ZX,15.00000,15,24.00000,30.00000,881.81685,26454.5055000000,0.00635253798913,99.79519583419475,"C[Low Value]",450.0000000000,244,16.638053773,13.681829453428746,0.8223215070762319,60,"Y [Variable Demand]",58.77532,165.86241045284266,568.67112145782488545551848,"Yes [Reorder]","Below Reorder point"
1708XX,15.00000,15,23.00000,120.00000,30.00000,3600.0000000000,0.00086447039280,99.99973810149065,"C[Low Value]",1800.0000000000,287,0.566037735,1.9378010681460778,3.4234485588599104,235,"Z [Uncertain Demand]",12.00000,38.21563341642860,125.56565262668280470255100,"Yes [Reorder]","Below Reorder point"
1712XX,17.00000,15,21.00000,30.00000,895.41884,26862.5652000000,0.00645052563612,99.76324323991458,"C[Low Value]",510.0000000000,239,16.894695094,14.00975459830388,0.8292398602256705,61,"Y [Variable Demand]",56.46910,133.20438194142860,399.61314582428580000000000,"Yes [Reorder]","Below Reorder point"
1716XX,22.00000,15,21.00000,140.00000,32.00000,4480.0000000000,0.00107578537770,99.99785019780700,"C[Low Value]",3080.0000000000,285,0.603773584,1.7627125606228924,2.9194926829109042,223,"Z [Uncertain Demand]",11.00000,31.70619946285710,95.11859838857130000000000,"Yes [Reorder]","Below Reorder point"
1741YX,21.00000,30,41.00000,1450.00000,404.63212,586716.5740000000,0.14088864088531,92.30143346083834,"C[Low Value]",30450.0000000000,100,7.634568301,6.638683144336183,0.8695557996994575,74,"Y [Variable Demand]",27.65077,129.23493156319279,756.94745628023849406240103,"Yes [Reorder]","Below Reorder point"
1745YX,21.00000,15,20.00000,175.00000,496.55299,86896.7732500000,0.02086657991787,99.30348867118661,"C[Low Value]",3675.0000000000,200,9.368924339,7.2278124034991045,0.7714666211372747,31,"X [Uniform Demand]",27.78818,59.31853355531596,169.48152443528580949209772,"Yes [Reorder]","Below Reorder point"
1764XX,16.00000,15,23.00000,325.00000,760.39286,247127.6795000000,0.05934293393576,97.75155605417385,"C[Low Value]",5200.0000000000,160,14.347035094,10.257648180617014,0.7149664103705171,12,"X [Uniform Demand]",40.59954,102.65484191242890,337.29448049608435577683650,"Yes [Reorder]","Below Reorder point"
1766ZX,11.00000,15,24.00000,30.00000,927.83976,27835.1928000000,0.00668408334818,99.72413554488288,"C[Low Value]",330.0000000000,233,17.506410566,13.923055770160845,0.7953118497747018,46,"X [Uniform Demand]",65.25187,186.20696017842746,638.42386336249017132661288,"Yes [Reorder]","Below Reorder point"
1767ZX,14.00000,15,21.00000,30.00000,805.45016,24163.5048000000,0.00580239846829,99.92444149460633,"C[Low Value]",420.0000000000,265,15.197172830,11.022280032275512,0.7252849036839909,13,"X [Uniform Demand]",41.20105,91.03777965000000,273.11333895000000000000000,"Yes [Reorder]","Below Reorder point"
1798XX,13.00000,15,22.00000,375.00000,580.71857,217769.4637500000,0.05229312607429,98.03307698127167,"C[Low Value]",4875.0000000000,165,10.956954150,9.162782164732981,0.836252670157699,65,"Y [Variable Demand]",39.76419,101.49398107305928,318.98108328547718193737776,"Yes [Reorder]","Below Reorder point"
1801XX,15.00000,30,46.00000,1250.00000,1334.79448,1668493.1000000000,0.40065635709401,82.55854661799664,"B[Medium Value]",18750.0000000000,57,25.184801509,19.186331482963006,0.7618218263942486,26,"X [Uniform Demand]",66.71196,330.45801636140916,2171.58125023334961584511036,"Yes [Reorder]","Below Reorder point"
1811ZX,15.00000,30,42.00000,30.00000,939.65941,28189.7823000000,0.00676923116050,99.71075224606453,"C[Low Value]",450.0000000000,231,17.729422830,13.739475450490243,0.7749533406830166,34,"X [Uniform Demand]",50.84443,229.08333930000000,1374.50003580000000000000000,"Yes [Reorder]","Below Reorder point"
1819XX,15.00000,30,40.00000,30.00000,799.14963,23974.4889000000,0.00575700995459,99.93598075669078,"C[Low Value]",450.0000000000,267,15.078294905,11.81070700579673,0.7832919491367867,41,"X [Uniform Demand]",42.45885,178.00073610929750,1017.14706343084264682591500,"Yes [Reorder]","Below Reorder point"
1826XX,15.00000,60,82.00000,30.00000,966.36999,28991.0997000000,0.00696165204037,99.70398301490403,"C[Low Value]",450.0000000000,230,18.233396037,13.457697118655522,0.738079570659606,19,"X [Uniform Demand]",44.04877,359.71362538455748,4213.78818297346944417584072,"Yes [Reorder]","Below Reorder point"
1827XX,15.00000,30,48.00000,30.00000,876.60093,26298.0279000000,0.00631496291904,99.81418542176228,"C[Low Value]",450.0000000000,247,16.539640188,12.07722809183082,0.7301989616795417,18,"X [Uniform Demand]",53.35713,294.99329061523471,2022.81113560518182705496647,"Yes [Reorder]","Below Reorder point"
1830XX,26.00000,30,44.00000,30.00000,854.36613,25630.9839000000,0.00615478519996,99.86407358835827,"C[Low Value]",780.0000000000,255,16.120115660,12.57280081410174,0.7799448266552784,38,"X [Uniform Demand]",49.27203,240.62369285051995,1512.49178345996561939248575,"Yes [Reorder]","Below Reorder point"
1842YX,6.00000,30,41.00000,6548.29000,157.99455,1034594.1318195000,0.24843777653359,87.29597057695402,"B[Medium Value]",39289.7400000000,72,2.981029245,2.327265596097825,0.7806919707350355,39,"X [Uniform Demand]",9.42244,42.41273752008248,248.41746261156699178284536,"Yes [Reorder]","Below Reorder point"
1851ZX,6.00000,60,81.00000,30.00000,873.42556,26202.7668000000,0.00629208780778,99.83306955597243,"C[Low Value]",180.0000000000,250,16.479727547,12.82381848204906,0.7781571901280329,37,"X [Uniform Demand]",45.53727,385.67645957762687,4462.82760351867815589530277,"Yes [Reorder]","Below Reorder point"
1857XX,8.00000,60,89.00000,30.00000,888.73543,26662.0629000000,0.00640237888555,99.77606969221854,"C[Low Value]",240.0000000000,241,16.768593018,11.679646935593846,0.6965191965155634,9,"X [Uniform Demand]",44.03581,416.15307269027544,5291.08906694317257351706416,"Yes [Reorder]","Below Reorder point"
1872ZX,6.00000,60,89.00000,16000.00000,4.00000,64000.0000000000,0.01536836253864,99.48426440572842,"C[Low Value]",96000.0000000000,210,0.075471698,0.42776543580206167,5.667892032879155,275,"Z [Uncertain Demand]",3.00000,37.49595687342860,476.73430880859335517902040,"Yes [Reorder]","Below Reorder point"
1876XX,5.00000,30,40.00000,22919.00000,198.97521,4560312.8379900000,1.09507095287245,60.81402825410398,"A [High Value]",114595.0000000000,24,3.754249245,2.9054662865610448,0.7739140629596224,33,"X [Uniform Demand]",11.53250,49.81036037527640,284.63063070163361132134960,"Yes [Reorder]","Below Reorder point"
1882ZX,6.00000,60,87.00000,19950.00000,14.00000,279300.0000000000,0.06706849464128,97.12163737824099,"C[Low Value]",119700.0000000000,150,0.264150943,0.6189139421455367,2.3430313559226503,206,"Z [Uncertain Demand]",3.00000,35.02156334400000,435.26800154113053523200000,"Yes [Reorder]","Below Reorder point"
1902YX,6.00000,60,79.00000,30.00000,845.86043,25375.8129000000,0.00609351081812,99.88240107466610,"C[Low Value]",180.0000000000,258,15.959630754,11.605634988177215,0.7271869360303631,16,"X [Uniform Demand]",46.74993,390.80951778946435,4410.56455763051943729323975,"Yes [Reorder]","Below Reorder point"
1906ZX,32.00000,30,46.00000,1893.75000,127.00000,240506.2500000000,0.05775292566888,97.86799830968645,"C[Low Value]",60600.0000000000,162,2.452830188,2.8454932107937894,1.1600856939525686,112,"Y [Variable Demand]",13.00000,74.91644204585710,492.30804769781103912320410,"Yes [Reorder]","Below Reorder point"
1907XX,30.00000,60,89.00000,6617.42000,137.00000,906586.5400000000,0.21769922842765,87.96416459709851,"B[Medium Value]",198522.6000000000,75,2.603773584,5.014468209135871,1.9258464867872596,181,"Z [Uncertain Demand]",35.00000,422.68194069857140,5374.09896018964153122897960,"Yes [Reorder]","Below Reorder point"
1908XX,22.00000,120,157.00000,27809.10000,67.00000,1863209.7000000000,0.44741378367356,80.44199500832433,"B[Medium Value]",611800.2000000000,52,1.264150943,1.695175656242732,1.3409598478958948,132,"Y [Variable Demand]",11.00000,225.04312668514290,5047.39584123818039903706120,"Yes [Reorder]","Below Reorder point"
1921XX,4.00000,90,142.00000,50000.00000,102.00000,5100000.0000000000,1.22466638979774,58.58348996710704,"A [High Value]",200000.0000000000,22,1.962264150,7.203149898379608,3.6708360076698177,243,"Z [Uncertain Demand]",52.00000,1029.62803232000000,20886.74008347026569120000000,"Yes [Reorder]","Below Reorder point"
1945XX,31.00000,15,23.00000,965.00000,82.00000,79130.0000000000,0.01900153949504,99.34253317525759,"C[Low Value]",29915.0000000000,202,1.566037735,5.84552541003208,3.732684902405675,247,"Z [Uncertain Demand]",43.00000,137.92991910857140,453.19830554392751492244900,"Yes [Reorder]","Below Reorder point"
1947ZX,16.00000,30,47.00000,30.00000,865.74295,25972.2885000000,0.00623674290041,99.83930629887284,"C[Low Value]",480.0000000000,251,16.334772641,13.550859360407234,0.8295713480819934,62,"Y [Variable Demand]",58.49108,322.71965437900252,2166.83196502395416160599928,"Yes [Reorder]","Below Reorder point"
1953XX,38.00000,30,40.00000,947.56000,123.00000,116549.8800000000,0.02798720015117,99.08200833814522,"C[Low Value]",36007.2800000000,191,2.320754716,8.33671937853494,3.592244936984948,240,"Z [Uncertain Demand]",62.00000,344.33962262800000,1967.65498634733153639200000,"Yes [Reorder]","Below Reorder point"
1956XX,3.00000,60,90.00000,573.09000,79.00000,45274.1100000000,0.01087170212647,99.64872611607324,"C[Low Value]",1719.2700000000,223,1.490566037,2.5816671628966117,1.7320045531780834,165,"Z [Uncertain Demand]",18.00000,218.65229110885710,2811.24374279692667269873470,"Yes [Reorder]","Below Reorder point"
1956ZX,12.00000,60,92.00000,1250.00000,144.00000,180000.0000000000,0.04322351963992,98.51279384759929,"C[Low Value]",15000.0000000000,175,2.773584905,2.872389771167557,1.0356235231845399,99,"Y [Variable Demand]",14.00000,160.22641508800000,2105.83288387637735849600000,"Yes [Reorder]","Below Reorder point"
1964YX,21840.00000,60,96.00000,99.12769,47701.50000,4728539.5045350000,1.13546733412449,59.71895730123153,"A [High Value]",2164948.7496000000,23,900.028301886,1348.681789731633,1.4984881996549266,145,"Y [Variable Demand]",6290.00000,78548.32883918000000,1077234.22405774047747452000000,"Yes [Reorder]","Below Reorder point"
1967YX,4191.00000,120,163.00000,178.65000,54622.00000,9758220.3000000000,2.34324792659844,36.85004906484683,"A [High Value]",748722.1500000000,10,1030.981132075,2223.4256608790233,2.1566113983134247,194,"Z [Uncertain Demand]",15006.50000,331763.10915370964290,7725340.97005655089241877882650,"Yes [Reorder]","Below Reorder point"
1970ZX,791.00000,60,96.00000,244.92800,14075.50000,3447484.0640000000,0.82784663971454,67.28541031235560,"A [High Value]",193738.0480000000,31,270.481132075,427.5540980033675,1.580716905180705,154,"Z [Uncertain Demand]",2891.00000,37329.59029567400000,511948.66690143497420123600000,"Yes [Reorder]","Below Reorder point"
1971XX,1891.00000,120,177.00000,321.94690,7998.00000,2574931.3062000000,0.61831996602767,75.27994494232449,"B[Medium Value]",608801.5879000000,42,150.924528301,266.24733847950296,1.764109131078456,168,"Z [Uncertain Demand]",1390.00000,32559.86522813285710,823299.44931667376865133367350,"Yes [Reorder]","Below Reorder point"
1979XX,1257.00000,60,94.00000,278.63800,2966.00000,826440.3080000000,0.19845366046700,89.20641686839375,"B[Medium Value]",350247.9660000000,81,56.245283018,127.62668965272253,2.2691092088891893,201,"Z [Uncertain Demand]",620.00000,7843.61185949142860,105328.50210868854870886204080,"Yes [Reorder]","Below Reorder point"
1990XX,2168.00000,60,79.00000,545.84500,6309.50000,3444009.0275000000,0.82701217689005,68.11242248924565,"A [High Value]",1183391.9600000000,32,119.349056603,226.89958266228155,1.9011426576837989,177,"Z [Uncertain Demand]",1272.50000,13338.07951392250000,150529.75450474101463291250000,"Yes [Reorder]","Below Reorder point"
1992XX,2715.00000,60,92.00000,586.39160,4099.00000,2403619.1684000000,0.57718266851237,77.05165174410296,"B[Medium Value]",1592053.1940000000,45,77.339622641,154.085395754313,1.9923215357483242,186,"Z [Uncertain Demand]",640.00000,7748.51751967142860,101837.65882332576086885306120,"Yes [Reorder]","Below Reorder point"
1993XX,21334.00000,60,94.00000,83.75125,79150.50000,6628953.3131250000,1.59181496512207,52.88082766284898,"A [High Value]",1786749.1675000000,18,1507.462264150,1697.8628987949262,1.1263054068900926,106,"Y [Variable Demand]",6947.50000,80373.89487474428570,1079306.58827206675375728897960,"Yes [Reorder]","Below Reorder point"
1994XX,4317.00000,60,91.00000,450.53667,5455.50000,2457902.8031850000,0.59021783381379,76.47446907559059,"B[Medium Value]",1944966.8043900000,44,127.084905660,305.3019497593782,2.402346275301773,210,"Z [Uncertain Demand]",1280.00000,15550.70080862857140,202159.11051217142820000000000,"Yes [Reorder]","Below Reorder point"
1995XX,914.00000,120,160.00000,100.57182,3693.00000,371411.7312600000,0.08918734589230,95.45132289776941,"C[Low Value]",91922.6434800000,128,69.679245283,160.6754344310887,2.3059296032629315,204,"Z [Uncertain Demand]",920.00000,19834.07008073142860,453350.17327102778655989551020,"Yes [Reorder]","Below Reorder point"
2013XX,3371.00000,120,189.00000,143.84020,12949.50000,1862658.6699000000,0.44728146444939,80.88927647277372,"B[Medium Value]",484885.3142000000,53,248.292452830,254.6603441575395,1.02564673736539,96,"Y [Variable Demand]",1292.50000,30641.05795148571430,827308.56469011428610000000000,"Yes [Reorder]","Below Reorder point"
2016ZX,2521.00000,60,86.00000,267.32395,12744.50000,3406910.0807750000,0.81810358215456,69.75065837807865,"A [High Value]",673923.6779500000,34,244.707547169,377.6711461841126,1.5433571647190973,148,"Z [Uncertain Demand]",2176.50000,24642.36387985392860,302749.04193488943431439005100,"Yes [Reorder]","Below Reorder point"
2021ZX,7873.00000,60,86.00000,295.27467,7798.00000,2302551.8766600000,0.55291331257083,77.60456505667379,"B[Medium Value]",2324697.4769100000,46,147.132075471,625.8356839544921,4.253563894555715,258,"Z [Uncertain Demand]",4080.00000,48864.58220733428570,600336.29565520366559476122450,"Yes [Reorder]","Below Reorder point"
2025XX,2727.00000,60,80.00000,442.80500,4468.00000,1978452.7400000000,0.47508717146691,78.59709633679705,"B[Medium Value]",1207529.2350000000,48,85.566037735,344.2701609960193,4.023443998449852,254,"Z [Uncertain Demand]",2542.00000,28318.00538939028570,323634.34729113583349177697960,"Yes [Reorder]","Below Reorder point"
2039ZX,1252.00000,120,164.00000,449.75000,1255.00000,564436.2500000000,0.13553845187421,92.57495877239985,"C[Low Value]",563087.0000000000,102,23.679245283,146.30670467682836,6.178689520221579,280,"Z [Uncertain Demand]",1078.00000,24850.07008024685710,582201.64186586918343985893880,"Yes [Reorder]","Below Reorder point"
2041ZX,1256.00000,60,82.00000,648.42000,1660.20000,1076506.8840000000,0.25850231357269,87.04753280042043,"B[Medium Value]",814415.5200000000,71,31.947169811,163.15503057345182,5.107026116512974,269,"Z [Uncertain Demand]",1205.00000,13841.88140127571430,162147.75355384640139963551020,"Yes [Reorder]","Below Reorder point"
2044ZX,1711.00000,120,166.00000,740.82000,2286.00000,1693514.5200000000,0.40666476730950,82.15789026090263,"B[Medium Value]",1267543.0200000000,56,43.188679245,159.74532285399567,3.698777680785169,245,"Z [Uncertain Demand]",1026.00000,23590.47978407828570,559431.37772997349523312048980,"Yes [Reorder]","Below Reorder point"
2053YX,115.00000,60,89.00000,1212.86889,264.00000,320197.3869600000,0.07688921135509,96.19188906245690,"C[Low Value]",139479.9223500000,137,5.075471698,8.370769123616846,1.649259344095124,162,"Z [Uncertain Demand]",52.00000,617.63881400228570,7852.83634928116423885648980,"Yes [Reorder]","Below Reorder point"
2054XX,131.00000,120,191.00000,751.83000,353.00000,265395.9900000000,0.06372971547845,97.50965619477825,"C[Low Value]",98489.7300000000,156,6.660377358,20.69266882868972,3.1068312974542005,227,"Z [Uncertain Demand]",131.00000,3460.25067376928570,94415.41123894747361873622450,"Yes [Reorder]","Below Reorder point"
2054ZX,219.00000,120,174.00000,904.00000,80.00000,72320.0000000000,0.01736624966866,99.45266561156499,"C[Low Value]",197976.0000000000,208,1.509433962,3.025817472636856,2.004604075972723,188,"Z [Uncertain Demand]",13.00000,297.26684636385710,7389.20446671626693623373470,"Yes [Reorder]","Below Reorder point"
2060XX,396.00000,120,175.00000,1101.15000,262.00000,288501.3000000000,0.06927800892607,96.91854926974040,"C[Low Value]",436055.4000000000,147,4.962264150,7.775050237418096,1.5668352192452504,151,"Z [Uncertain Demand]",46.00000,1064.93261457142860,26623.31536428571500000000000,"Yes [Reorder]","Below Reorder point"
2066XX,327.00000,120,187.00000,1550.95000,398.00000,617278.1000000000,0.14822740043690,91.72627133594029,"C[Low Value]",507160.6500000000,96,7.509433962,41.52954058485399,5.530315706217803,273,"Z [Uncertain Demand]",306.00000,8045.83827484971430,214938.82248297212822147151020,"Yes [Reorder]","Below Reorder point"
2078ZX,338.00000,60,93.00000,1129.24000,371.00000,418948.0400000000,0.10060227130581,94.79514038373375,"C[Low Value]",381683.1200000000,121,7.000000000,46.769204510725196,6.681314930103599,285,"Z [Uncertain Demand]",344.00000,4510.28571404000000,59922.36734045265306140000000,"Yes [Reorder]","Below Reorder point"
2096XX,172.00000,120,163.00000,30.00000,842.56388,25276.9164000000,0.00606976273584,99.89456347784246,"C[Low Value]",5160.0000000000,260,15.897431698,11.605551342364866,0.7300268095396139,17,"X [Uniform Demand]",37.83711,608.53673229297345,14170.21248010171266979073325,"Yes [Reorder]","Below Reorder point"
2096YX,138.00000,60,84.00000,1524.57667,333.00000,507684.0311100000,0.12191050383087,93.71468657815429,"C[Low Value]",210391.5804600000,111,6.283018867,25.339489174826575,4.03301179118146,255,"Z [Uncertain Demand]",187.00000,2190.14555256857140,26281.74663082285680000000000,"Yes [Reorder]","Below Reorder point"
2115ZX,68.00000,60,88.00000,1912.27000,158.00000,302138.6600000000,0.07255275724716,96.56307848161956,"C[Low Value]",130034.3600000000,142,2.981132075,7.567284515915881,2.53839290763925,213,"Z [Uncertain Demand]",45.00000,540.16172505214290,6790.60454328115571783479590,"Yes [Reorder]","Below Reorder point"
2117YX,372.00000,120,168.00000,2424.00000,5589.34154,13548563.8929600000,3.25342565288929,23.86197852293630,"A [High Value]",901728.0000000000,5,105.459274339,82.02425320059149,0.7777813161972233,36,"X [Uniform Demand]",315.79242,5771.14480561714290,138507.47533481142960000000000,"Yes [Reorder]","Below Reorder point"
2139YX,354.00000,120,176.00000,2032.85000,103.00000,209383.5500000000,0.05027941103167,98.13556219606448,"C[Low Value]",719628.9000000000,167,1.943396226,7.248721668276186,3.729924742725206,246,"Z [Uncertain Demand]",43.00000,1047.82749323171430,26345.37697178496454865853060,"Yes [Reorder]","Below Reorder point"
2142ZX,343.00000,60,91.00000,2956.00000,127.00000,375412.0000000000,0.09014793308368,95.27281005431338,"C[Low Value]",1013908.0000000000,126,2.471698113,8.89902215019263,3.6003677404565915,241,"Z [Uncertain Demand]",48.00000,602.81401617428570,7836.58221026571410000000000,"Yes [Reorder]","Below Reorder point"
2143XX,196.00000,120,192.00000,30.00000,802.65358,24079.6074000000,0.00578225212986,99.93022374673619,"C[Low Value]",5880.0000000000,266,15.144407169,12.966727865355917,0.8562057081969041,71,"Y [Variable Demand]",56.06117,1278.05939707082216,35055.34346178365959024524448,"Yes [Reorder]","Below Reorder point"
2170YX,372.00000,120,171.00000,305.19000,1085.00000,331131.1500000000,0.07951474314119,96.03781199811430,"C[Low Value]",113530.6800000000,135,20.584905660,72.23714456690394,3.5092288378699297,238,"Z [Uncertain Demand]",430.00000,10151.40161701142860,247984.23949547838344742204080,"Yes [Reorder]","Below Reorder point"
2173ZX,340.00000,60,92.00000,444.94000,887.00000,394661.7800000000,0.09477039554976,95.08842332214277,"C[Low Value]",151279.6000000000,124,16.981132075,49.76339890337594,2.930511268835764,225,"Z [Uncertain Demand]",350.00000,4454.44743905714290,58544.16633807578030937959180,"Yes [Reorder]","Below Reorder point"
2189ZX,641.00000,60,95.00000,299.80500,1160.00000,347773.8000000000,0.08351115374750,95.87658836546782,"C[Low Value]",192175.0050000000,133,22.188679245,102.09356725873623,4.601155667331665,262,"Z [Uncertain Demand]",753.00000,10029.09703472014290,136109.17403833232634226279590,"Yes [Reorder]","Below Reorder point"
2200ZX,71.00000,60,89.00000,448.00000,876.00000,392448.0000000000,0.09423879908693,95.18266212122970,"C[Low Value]",31808.0000000000,125,16.528301886,65.4146725718508,3.9577370393542433,250,"Z [Uncertain Demand]",471.00000,5846.75741227114290,74337.34424006260046792253060,"Yes [Reorder]","Below Reorder point"
2212XX,118.00000,120,180.00000,747.40500,627.00000,468622.9350000000,0.11253073685939,94.06378559264792,"C[Low Value]",88193.7900000000,114,12.018867924,28.163599259446706,2.3432821990836534,207,"Z [Uncertain Demand]",204.00000,5039.67654981600000,129591.68270811437812862400000,"Yes [Reorder]","Below Reorder point"
2212ZX,88.00000,60,87.00000,884.36000,224.00000,198096.6400000000,0.04756907783135,98.28306389048782,"C[Low Value]",77823.6800000000,170,4.264150943,6.20757584440243,1.4557589370969015,140,"Y [Variable Demand]",34.00000,386.02156332628570,4797.69657254896709238497960,"Yes [Reorder]","Below Reorder point"
2220YX,107.00000,120,183.00000,752.00000,75.00000,56400.0000000000,0.01354336948718,99.52546480338703,"C[Low Value]",80464.0000000000,213,1.415094339,3.2472569687797597,2.2947282589473774,203,"Z [Uncertain Demand]",18.00000,446.31266845885710,11667.88833218471046989240820,"Yes [Reorder]","Below Reorder point"
2223XX,150.00000,60,93.00000,918.70000,214.00000,196601.8000000000,0.04721012090858,98.42509954094676,"C[Low Value]",137805.0000000000,173,4.037735849,20.384013588299045,5.048377197172872,268,"Z [Uncertain Demand]",150.00000,1958.24797833000000,26016.72313927125144405000000,"Yes [Reorder]","Below Reorder point"
2227XX,160.00000,60,80.00000,751.63500,330.00000,248039.5500000000,0.05956190200501,97.69221312023809,"C[Low Value]",120261.6000000000,159,6.698113207,8.896861659226271,1.3282638534577804,131,"Y [Variable Demand]",49.00000,502.58760105485710,5743.85829748260251368293880,"Yes [Reorder]","Below Reorder point"
2229XX,48.00000,120,192.00000,1054.24333,257.00000,270940.5358100000,0.06506113094908,97.25209029146531,"C[Low Value]",50603.6798400000,152,4.867924528,9.796105764294678,2.0123783160457984,189,"Z [Uncertain Demand]",68.00000,1781.69272233828570,48869.28609740344050152097960,"Yes [Reorder]","Below Reorder point"
2229ZX,107.00000,60,80.00000,751.00000,90.00000,67590.0000000000,0.01623043162479,99.46889604318978,"C[Low Value]",80357.0000000000,209,1.698113207,3.574463441251628,2.1049618049708907,192,"Z [Uncertain Demand]",16.00000,168.30188678800000,1923.45013462382749326400000,"Yes [Reorder]","Below Reorder point"
2234XX,142.00000,60,83.00000,903.00000,198.00000,178794.0000000000,0.04293392205833,98.59881554583411,"C[Low Value]",128226.0000000000,177,3.735849056,20.411013437899687,5.463554102947056,270,"Z [Uncertain Demand]",150.00000,1746.54986521285710,20709.09125870294134782673470,"Yes [Reorder]","Below Reorder point"
2236ZX,109.00000,120,159.00000,1617.33500,230.00000,371987.0500000000,0.08932549756373,95.36213555187711,"C[Low Value]",176289.5150000000,127,4.339622641,11.275191327877415,2.5981962628158883,215,"Z [Uncertain Demand]",50.00000,1061.32075471142860,24107.14285671350084151102040,"Yes [Reorder]","Below Reorder point"
2255ZX,49.00000,60,88.00000,1712.56500,176.00000,301411.4400000000,0.07237812942520,96.63545661104476,"C[Low Value]",83915.6850000000,143,3.320754716,11.097804618704124,3.341952528210796,234,"Z [Uncertain Demand]",73.00000,889.25067383157140,11179.15132778721873978646940,"Yes [Reorder]","Below Reorder point"
2265YX,61.00000,120,184.00000,1691.46333,180.00000,304463.3994000000,0.07311099846446,96.49052572437240,"C[Low Value]",103179.2631300000,141,3.396226415,9.951466418235276,2.9301540010062244,224,"Z [Uncertain Demand]",55.00000,1387.49326141785710,36471.25144199260572755867350,"Yes [Reorder]","Below Reorder point"
2267ZX,107.00000,60,91.00000,1896.44000,1038.40776,1969278.0123744000,0.47288403802405,79.06998037482110,"B[Medium Value]",202919.0800000000,49,19.592599245,25.068703242667194,1.2794985968523134,126,"Y [Variable Demand]",166.34183,1994.50722504285710,25928.59392555714230000000000,"Yes [Reorder]","Below Reorder point"
2277XX,10253.00000,120,158.00000,6.37172,42253.00000,269224.2851600000,0.06464900653976,97.38160641879109,"C[Low Value]",65329.2451600000,154,807.245283018,1320.5063909407957,1.635818032908036,160,"Z [Uncertain Demand]",5621.00000,113035.50943156814290,2551372.92712123714998647079590,"Yes [Reorder]","Below Reorder point"
2291XX,2510.00000,120,191.00000,18.75596,68822.00000,1290822.6791200000,0.30996610790332,85.71655629152410,"B[Medium Value]",47077.4596000000,66,1306.773584905,1940.7571430652642,1.485151800957435,143,"Y [Variable Demand]",12980.00000,331766.73853521428570,9052492.43693815641086056122450,"Yes [Reorder]","Below Reorder point"
2293XX,509.00000,60,79.00000,12.73097,13005.00000,165566.2648500000,0.03975753722473,98.76268724269228,"C[Low Value]",6480.0637300000,181,245.377358490,731.8306131064858,2.982470011129044,226,"Z [Uncertain Demand]",4742.00000,51413.62263812714290,580239.45545071088227276632650,"Yes [Reorder]","Below Reorder point"
2315YX,734.00000,120,182.00000,14.92220,13990.50000,208769.0391000000,0.05013184812081,98.18569404418529,"C[Low Value]",10952.8948000000,168,268.292452830,847.8185850466994,3.1600537998879474,230,"Z [Uncertain Demand]",5930.50000,149593.70080862857140,3889436.22102434285640000000000,"Yes [Reorder]","Below Reorder point"
2317ZX,3420.00000,60,89.00000,37.26672,112960.99000,4209685.5852528000,1.01087459762258,62.84464941647942,"A [High Value]",127452.1824000000,26,2179.427547169,2227.8630216233287,1.0222239434007545,95,"Y [Variable Demand]",11267.33000,124575.24530676076290,1583885.26172179391535521121060,"Yes [Reorder]","Below Reorder point"
2326ZX,6084.00000,30,46.00000,63.55920,17492.66000,1111819.4754720000,0.26698194963394,86.26767153450847,"B[Medium Value]",386694.1728000000,68,345.408679245,960.5867020222744,2.781014953422539,221,"Z [Uncertain Demand]",7027.33000,44699.27422879543000,293738.08777007027961623053000,"Yes [Reorder]","Below Reorder point"
2331ZX,227.00000,60,83.00000,210.12419,31423.50000,6602837.4844650000,1.58554375382764,54.46637141667662,"A [High Value]",47698.1911300000,19,598.084905660,668.1965074754204,1.1172268371127854,104,"Y [Variable Demand]",3664.00000,38318.12937953371430,454343.53406614002250292375510,"Yes [Reorder]","Below Reorder point"
2336YX,7565.00000,30,44.00000,7.92068,36118.66351,286084.3756903868,0.06869763128515,96.98724690102555,"C[Low Value]",59919.9442000000,148,691.276670000,501.52354337274596,0.7255033550788659,14,"X [Uniform Demand]",2328.01613,11670.62994405141705,73358.24535427274292567755925,"Yes [Reorder]","Below Reorder point"
2337ZX,32086.00000,60,83.00000,1.72706,65809.00000,113656.0915400000,0.02729231280487,99.13690126954683,"C[Low Value]",55414.4471600000,193,1264.207547169,5532.378994093107,4.376163555171005,259,"Z [Uncertain Demand]",40888.00000,473978.79244699600000,5620034.25323238417250757200000,"Yes [Reorder]","Below Reorder point"
2342ZX,51818.00000,60,86.00000,2.77685,61833.00000,171700.9660500000,0.04123066710142,98.68246769615547,"C[Low Value]",143890.8133000000,179,1170.433962264,7494.174611894465,6.40290255880673,282,"Z [Uncertain Demand]",55186.00000,667967.13742689000000,8206453.40219610061612365000000,"Yes [Reorder]","Below Reorder point"
2348YX,30.00000,60,89.00000,38440.00000,17.00000,653480.0000000000,0.15692058674608,91.11528823479101,"C[Low Value]",1153200.0000000000,92,0.320754716,0.5753943653576191,1.7938765563079644,172,"Z [Uncertain Demand]",2.00000,22.67924529085710,288.35040440584620134546940,"Yes [Reorder]","Below Reorder point"
2359ZX,7800.00000,90,121.00000,73.00000,2420.00000,176660.0000000000,0.04242148321994,98.64123702905405,"C[Low Value]",569400.0000000000,178,45.660377358,253.32542598190614,5.548036188919535,274,"Z [Uncertain Demand]",1827.00000,30993.93800409214290,535752.35690573994298279132650,"Yes [Reorder]","Below Reorder point"
2365XX,503.00000,60,83.00000,30.00000,839.11706,25173.5118000000,0.00604493212052,99.90667046299167,"C[Low Value]",15090.0000000000,262,15.832397358,10.985363912528163,0.6938534742483162,8,"X [Uniform Demand]",35.02124,279.54558264071128,3314.61190841421295105132696,"Yes [Reorder]","Below Reorder point"
2371ZX,78462.00000,90,136.00000,3.44000,1055570.71827,3631163.2708488000,0.87195364974050,66.45756367264106,"A [High Value]",269909.2800000000,30,19916.428646603,17453.77779603234,0.8763507808418908,77,"Y [Variable Demand]",83921.47994,1374406.09904429201142,26702747.06636086987956326170776,"Yes [Reorder]","Below Reorder point"
2391ZX,87174.00000,45,67.00000,0.75915,2838495.61292,2154843.9445482180,0.51744410865635,78.12200916533014,"B[Medium Value]",66178.1421000000,47,53556.520998490,37709.72135549699,0.7041107348358233,11,"X [Uniform Demand]",137569.73779,972446.99808360582669,9307706.98124060705628274035999,"Yes [Reorder]","Below Reorder point"
2396ZX,124908.00000,30,46.00000,0.76460,186157.00000,142335.6422000000,0.03417915236718,98.90143897476833,"C[Low Value]",95504.6568000000,185,3591.641509433,8512.173919378567,2.3699954177003466,209,"Z [Uncertain Demand]",62000.00000,392035.82207585857140,2576235.40204476954545320346940,"Yes [Reorder]","Below Reorder point"
2418ZX,120860.00000,60,85.00000,5.80000,1715540.31890,9950133.8496200000,2.38933225482714,34.50680113824839,"A [High Value]",700988.0000000000,9,32368.685262264,25954.766496986245,0.8018480295597542,48,"X [Uniform Demand]",111770.00000,1079761.26908479142860,13111386.83796124340235589306120,"Yes [Reorder]","Below Reorder point"
2422YX,11006.00000,30,45.00000,49.90000,191558.60942,9558774.6100580000,2.29535490050785,39.14540396535468,"A [High Value]",549199.4000000000,11,3614.313385283,3046.1166270905737,0.8427926143576682,68,"Y [Variable Demand]",13948.54700,74179.31619795940170,476867.03265877940167259462760,"Yes [Reorder]","Below Reorder point"
2429YX,342553.00000,90,122.00000,5.28688,35029.00000,185194.1195200000,0.04447078701261,98.46957032795937,"C[Low Value]",1811036.6046400000,174,660.924528301,2391.408686054725,3.618278008537797,242,"Z [Uncertain Demand]",12600.00000,211102.39891464428570,3679213.23810602760853448897960,"Yes [Reorder]","Below Reorder point"
2449ZX,66031.00000,45,68.00000,30.00000,857.65427,25729.6281000000,0.00617847269727,99.85791880315831,"C[Low Value]",1980930.0000000000,254,16.182156037,14.137557651658883,0.8736510523896689,75,"Y [Variable Demand]",68.17131,558.20743688552244,5422.58652958558729231842216,"No [There is Time]","In Stock"
2458ZX,79661.00000,45,64.00000,6.83263,443666.86597,3031411.5384326011,0.72793486760068,71.21236724135852,"B[Medium Value]",544294.1384300000,36,8371.072942830,8773.019680731722,1.0480161552344371,100,"Y [Variable Demand]",60373.13915,498168.94611577302360,4554687.50691720854767219455120,"Yes [Reorder]","Below Reorder point"
2471ZX,96647.00000,45,65.00000,4.77698,3170.00000,15143.0266000000,0.00363630504252,99.97885283668879,"C[Low Value]",461680.7860600000,276,67.358490566,334.27409916310677,4.962612676653945,266,"Z [Uncertain Demand]",2321.00000,21119.12398756071430,196106.15129797868708031377550,"Yes [Reorder]","Below Reorder point"
2473ZX,73915.00000,60,92.00000,5.95000,1330076.18028,7913953.2726660000,1.90038285950273,51.28901269772691,"A [High Value]",439794.2500000000,17,25095.776986415,22848.697177370366,0.9104598430938784,82,"Y [Variable Demand]",120581.49214,1369678.66528165872098,18001491.02824207576263857823916,"Yes [Reorder]","Below Reorder point"
2483YX,107097.00000,30,45.00000,1.87500,149523.00000,280355.6250000000,0.06732198257416,97.05456888359971,"C[Low Value]",200806.8750000000,149,2821.188679245,12905.79163692491,4.574593585984021,260,"Z [Uncertain Demand]",88200.00000,554909.19132426428570,3567273.37248175087017184897960,"Yes [Reorder]","Below Reorder point"
2484YX,1396.00000,60,85.00000,239.67286,2631.60000,630723.0983760000,0.15145595683337,91.57804393550339,"C[Low Value]",334583.3125600000,95,50.200000000,158.9189089524639,3.165715317778165,231,"Z [Uncertain Demand]",1124.00000,13218.28571332228570,160507.75507901208146000946940,"Yes [Reorder]","Below Reorder point"
2487YX,397.00000,30,44.00000,14.40000,537.00000,7732.8000000000,0.00185688240373,99.99677441242930,"C[Low Value]",5716.8000000000,284,10.132075471,59.06761004196613,5.829764119999825,277,"Z [Uncertain Demand]",435.00000,2690.86253338500000,16913.99306506938390472500000,"Yes [Reorder]","Below Reorder point"
2488ZX,22.00000,30,42.00000,0.95000,603.00000,572.8500000000,0.00013755885125,99.99987566034190,"C[Low Value]",20.9000000000,288,11.377358490,62.46938160655544,5.490675332192634,271,"Z [Uncertain Demand]",458.00000,2699.23989218571430,16195.43935311428580000000000,"Yes [Reorder]","Below Reorder point"
2498YX,32.00000,60,96.00000,1474.56000,71.00000,104693.7600000000,0.02514018217521,99.21361989900551,"C[Low Value]",47185.9200000000,196,1.339622641,2.502401836624205,1.8679901041058955,175,"Z [Uncertain Demand]",15.00000,194.23180593000000,2663.75048127021948402000000,"Yes [Reorder]","Below Reorder point"
2498ZX,23.00000,30,45.00000,117.17000,79.00000,9256.4300000000,0.00222275268834,99.98916045977417,"C[Low Value]",2694.9100000000,280,1.490566037,2.237102586268246,1.5008409763386055,146,"Z [Uncertain Demand]",11.00000,64.32614554942860,413.52522135242605968604080,"Yes [Reorder]","Below Reorder point"
2501ZX,22117.00000,90,125.00000,35.12175,76878.00000,2700089.8965000000,0.64837438150510,74.66162497629682,"B[Medium Value]",776787.7447500000,41,1451.471698113,2117.1309493619365,1.4586098730787058,141,"Y [Variable Demand]",14683.00000,243534.64959359242860,4348833.02842221698934377251020,"Yes [Reorder]","Below Reorder point"
2508YX,46.00000,60,89.00000,463.10000,92.00000,42605.2000000000,0.01023081499424,99.65895693106748,"C[Low Value]",21302.6000000000,224,1.735849056,1.7062697191753073,0.9829597298668044,88,"Y [Variable Demand]",6.00000,61.40700808971430,780.74624569453695483151020,"Yes [Reorder]","Below Reorder point"
2513ZX,19.00000,30,44.00000,4805.03000,125.00000,600628.7500000000,0.14422938095514,92.01800097766666,"C[Low Value]",91295.5700000000,98,2.396226415,2.857229312631841,1.1923870360271616,119,"Y [Variable Demand]",18.00000,102.87331535142860,646.63226784978454617755100,"Yes [Reorder]","Below Reorder point"
2515YX,8140.00000,30,43.00000,90.00000,9619.00000,865710.0000000000,0.20788351770820,88.60186714856351,"B[Medium Value]",732600.0000000000,78,182.754716981,355.0059742075239,1.9425270114611153,184,"Z [Uncertain Demand]",2166.00000,12522.19406822485710,76922.04926550509869866440820,"Yes [Reorder]","Below Reorder point"
2524XX,3996.00000,30,41.00000,14.00000,4040.00000,56560.0000000000,0.01358179039352,99.51192143389985,"C[Low Value]",55944.0000000000,212,76.226415094,538.6363859630862,7.066269419844248,288,"Z [Uncertain Demand]",3960.00000,22867.60107760285710,133938.80630840707714605673470,"Yes [Reorder]","Below Reorder point"
2528ZX,3996.00000,30,43.00000,21.00000,176132.80797,3698788.9673700000,0.88819265319465,65.58561002290056,"A [High Value]",83916.0000000000,29,3323.260527735,2557.7596004239053,0.7696536516103872,29,"X [Uniform Demand]",9758.89865,45704.97515134237260,280759.13303335602441313510920,"Yes [Reorder]","Below Reorder point"
2539XX,187.00000,30,45.00000,30.00000,880.16017,26404.8051000000,0.00634060339905,99.80153643759380,"C[Low Value]",5610.0000000000,245,16.606795660,14.086494328400065,0.848236746980005,69,"Y [Variable Demand]",56.49957,292.03953999628596,1877.39704266638714857355088,"Yes [Reorder]","Below Reorder point"
2548ZX,86.00000,30,41.00000,30.00000,873.94369,26218.3107000000,0.00629582037482,99.82677746816465,"C[Low Value]",2580.0000000000,249,16.489503584,12.254541126203756,0.7431722285499553,21,"X [Uniform Demand]",41.91844,174.85299034829738,1024.13894344361994137881466,"Yes [Reorder]","Below Reorder point"
2555ZX,275.00000,30,44.00000,682.50000,399.00000,272317.5000000000,0.06539178227524,97.18702916051623,"C[Low Value]",187687.5000000000,151,7.528301886,31.48920376446799,4.18277644033203,256,"Z [Uncertain Demand]",225.00000,1382.02156318500000,8686.99268188998459772500000,"Yes [Reorder]","Below Reorder point"
2564YX,1340.00000,60,96.00000,309.20500,9424.00000,2913947.9200000000,0.69972825083236,72.63521626862885,"B[Medium Value]",414334.7000000000,38,179.792452830,254.21416899265304,1.4139312579100378,138,"Y [Variable Demand]",1666.00000,21306.92183240971430,292209.21369553124701931151020,"Yes [Reorder]","Below Reorder point"
2565ZX,1735.00000,30,40.00000,463.03583,17706.02555,8198524.2365454565,1.96871707420381,47.45197002985200,"A [High Value]",803367.1650500000,15,334.075953773,385.6831142558008,1.1544773273860565,111,"Y [Variable Demand]",2572.67466,13269.24396880923584,75824.25124654727795176878976,"Yes [Reorder]","Below Reorder point"
2573ZX,444.00000,60,81.00000,1618.99000,4981.51624,8065024.9773976000,1.93665980837218,49.38862983822418,"A [High Value]",718831.5600000000,16,93.990872452,95.78527940250036,1.0190912894378839,93,"Y [Variable Demand]",593.89036,6066.52383015690416,70198.34717492995220993275536,"Yes [Reorder]","Below Reorder point"
2600YX,417.00000,60,80.00000,1467.79000,508.00000,745637.3200000000,0.17905038525154,89.95824793672536,"B[Medium Value]",612068.4300000000,85,9.584905660,61.474778986233,6.413707256690203,283,"Z [Uncertain Demand]",452.00000,5083.55795122742860,58097.80515398000802787004080,"Yes [Reorder]","Below Reorder point"
2604ZX,843.00000,30,42.00000,129.04000,981.00000,126588.2400000000,0.03039771821013,98.96513116370710,"C[Low Value]",108780.7200000000,187,18.509433962,122.46857473569622,6.616548889994426,284,"Z [Uncertain Demand]",901.00000,5326.67385444857140,31960.04312669142840000000000,"Yes [Reorder]","Below Reorder point"
2606XX,43.00000,60,79.00000,2041.52333,244.00000,498131.6925200000,0.11961669441614,93.83430327257043,"C[Low Value]",87785.5031900000,112,4.735849056,6.028707873062478,1.272994092880666,125,"Y [Variable Demand]",25.00000,241.54986521642860,2726.06276441287286770255100,"Yes [Reorder]","Below Reorder point"
2621XX,1627.00000,60,80.00000,61.78333,1757.00000,108553.3108100000,0.02606697867652,99.16296824822335,"C[Low Value]",100521.4779100000,194,33.169811320,73.87999853128903,2.227326463166901,198,"Z [Uncertain Demand]",330.00000,3487.11590278285710,39852.75317266858634126693880,"Yes [Reorder]","Below Reorder point"
2632XX,2670.00000,30,41.00000,185.82000,3639.00000,676198.9800000000,0.16237611051402,90.79652918528648,"C[Low Value]",496139.4000000000,90,68.660377358,198.56741105209855,2.8920232992130845,222,"Z [Uncertain Demand]",1225.00000,6880.74123971928570,40301.48440308713892289724490,"Yes [Reorder]","Below Reorder point"
2640YX,2588.00000,60,84.00000,444.45667,1888.00000,839134.1929600000,0.20150185149964,89.00796320792675,"B[Medium Value]",1150253.8619600000,80,35.622641509,163.67365440943576,4.594652374897126,261,"Z [Uncertain Demand]",1178.00000,13830.66307278000000,165967.95687336000000000000000,"Yes [Reorder]","Below Reorder point"
2646XX,277.00000,120,157.00000,908.33214,1442.00000,1309814.9458800000,0.31452673354392,85.09455091227539,"B[Medium Value]",251608.0027800000,64,27.566037735,52.593675433660444,1.9079156728746474,179,"Z [Uncertain Demand]",334.00000,7018.58221006628570,157416.77242176178943710497960,"Yes [Reorder]","Below Reorder point"
2661ZX,711.00000,120,157.00000,182.00000,805.00000,146510.0000000000,0.03518154368025,98.79786878637253,"C[Low Value]",129402.0000000000,182,15.188679245,93.24527538312317,6.139129932170951,279,"Z [Uncertain Demand]",685.00000,15103.19406969428570,338743.06698308429694588897960,"Yes [Reorder]","Below Reorder point"
2662ZX,173.00000,60,82.00000,2015.43638,470.00000,947255.0986000000,0.22746499643529,87.52343557338931,"B[Medium Value]",348670.4937400000,73,8.867924528,35.667774015763676,4.022110687020912,253,"Z [Uncertain Demand]",240.00000,2735.41778969142860,32043.46553560375851723102040,"Yes [Reorder]","Below Reorder point"
2670ZX,292.00000,60,82.00000,4550.00000,390.00000,1774500.0000000000,0.42611186445021,81.75122549359313,"B[Medium Value]",1328600.0000000000,55,7.358490566,42.58447513178847,5.787120979477854,276,"Z [Uncertain Demand]",312.00000,3591.78436648800000,42075.18829211891875243200000,"Yes [Reorder]","Below Reorder point"
2672YX,96.00000,120,171.00000,11375.00000,54.00000,614250.0000000000,0.14750026077123,91.87377159671152,"C[Low Value]",1092000.0000000000,97,1.018867924,3.744130329723085,3.67479458478181,244,"Z [Uncertain Demand]",19.00000,446.67654986342860,10911.67000355136920007804080,"Yes [Reorder]","Below Reorder point"
2673YX,4840.00000,60,95.00000,13.00000,31820.00000,413660.0000000000,0.09933245074583,94.89447283447958,"C[Low Value]",62920.0000000000,122,627.924528301,886.9091729689549,1.4124454978191403,137,"Y [Variable Demand]",4440.00000,54874.93261266000000,744731.22829115360030886000000,"Yes [Reorder]","Below Reorder point"
2680YX,4097.00000,45,68.00000,215.57000,4192.00000,903669.4400000000,0.21699874326575,88.18116334036426,"B[Medium Value]",883190.2900000000,76,79.094339622,563.4314431233277,7.123536852523512,289,"Z [Uncertain Demand]",4142.00000,39728.10781553228570,385930.19019667703028127648980,"Yes [Reorder]","Below Reorder point"
2714ZX,9014.00000,90,124.00000,49.79846,29572.52000,1472665.9543192000,0.35363225444199,84.43422436085743,"B[Medium Value]",448883.3184400000,62,589.424905660,1037.6582131289897,1.7604587169031938,167,"Z [Uncertain Demand]",4625.00000,74350.25121162142860,1317061.59287033666342525102040,"Yes [Reorder]","Below Reorder point"
2727ZX,3923.00000,90,120.00000,21.88943,9932.00000,217405.8187600000,0.05220580376114,98.08528278503281,"C[Low Value]",85872.2338900000,166,187.396226415,420.4965770449444,2.243890312464083,199,"Z [Uncertain Demand]",2523.00000,40842.04851535885710,700149.40308543008012969240820,"Yes [Reorder]","Below Reorder point"
2729XX,880.00000,90,119.00000,76.51800,2345.00000,179434.7100000000,0.04308777617649,98.55588162377578,"C[Low Value]",67335.8400000000,176,44.245283018,78.77599137664174,1.7804381846669135,169,"Z [Uncertain Demand]",407.00000,6350.13207548285710,107952.24528320857070000000000,"Yes [Reorder]","Below Reorder point"
2752XX,933.00000,45,61.00000,76.50200,3362.00000,257199.7240000000,0.06176154067609,97.57141773545434,"C[Low Value]",71376.3660000000,157,64.188679245,97.788963494223,1.52346121846463,147,"Z [Uncertain Demand]",447.00000,3482.64420472585710,30348.75664018742781293546940,"Yes [Reorder]","Below Reorder point"
2763ZX,8782.00000,90,136.00000,10.08731,29590.00000,298483.5029000000,0.07167504194328,96.77917085238791,"C[Low Value]",88586.7564200000,145,558.301886792,883.1214704138235,1.5817991866161072,155,"Z [Uncertain Demand]",4710.00000,84330.40430998285710,1638419.28368862099262286693880,"Yes [Reorder]","Below Reorder point"
2766XX,7502.00000,90,126.00000,363.83238,3958.00000,1440048.5600400000,0.34579981787404,84.78002417873147,"B[Medium Value]",2729470.5147600000,63,78.245283018,159.74306087156967,2.0415679349619253,190,"Z [Uncertain Demand]",689.00000,11395.98921834000000,205127.80593012000000000000000,"Yes [Reorder]","Below Reorder point"
2767XX,3706.00000,45,62.00000,147.86565,3013.00000,445519.2034500000,0.10698282244602,94.28168569960959,"C[Low Value]",547990.0989000000,116,56.849056603,117.71285757610612,2.0706211256616394,191,"Z [Uncertain Demand]",525.00000,4284.54177890571430,37948.79861255282068872775510,"Yes [Reorder]","Below Reorder point"
2785YX,4220.00000,45,63.00000,34.48244,12335.00000,425340.8974000000,0.10213739240239,94.59322421342885,"C[Low Value]",145515.8968000000,119,232.735849056,428.08137786329326,1.839344388067564,174,"Z [Uncertain Demand]",2000.00000,16503.84097035428570,148534.56873318857130000000000,"Yes [Reorder]","Below Reorder point"
2803YX,4811.00000,45,67.00000,42.48576,8009.00000,340268.4518400000,0.08170888950529,95.95829725497311,"C[Low Value]",204398.9913600000,134,151.113207547,293.0983903560957,1.9395947919703493,183,"Z [Uncertain Demand]",1600.00000,14342.84366508357140,137281.50364536725040067846940,"Yes [Reorder]","Below Reorder point"
2814YX,4499.00000,90,119.00000,50.49535,10228.00000,516466.4398000000,0.12401942946697,93.34639197298152,"C[Low Value]",227178.5796500000,108,192.981132075,419.49549621195536,2.1737643038021095,196,"Z [Uncertain Demand]",2000.00000,31518.81401617857140,535819.83827503571380000000000,"Yes [Reorder]","Below Reorder point"
2840XX,11008.00000,90,127.00000,8.61042,41083.00000,353741.8848600000,0.08494427393171,95.70922317515661,"C[Low Value]",94783.5033600000,131,775.150943396,1459.428505313553,1.8827668568907066,176,"Z [Uncertain Demand]",5693.00000,93321.05929431457140,1693110.64711686060171915893880,"Yes [Reorder]","Below Reorder point"
2847YX,3638.00000,90,118.00000,241.79216,10408.00000,2516572.8012800000,0.60430629945231,75.88425124177680,"B[Medium Value]",879639.8780800000,43,200.150943396,380.678411113356,1.9019566166129989,178,"Z [Uncertain Demand]",1842.00000,28477.48787035971430,480049.08123913839993280575510,"Yes [Reorder]","Below Reorder point"
2867XX,265.00000,30,47.00000,297.63500,2330.00000,693489.5500000000,0.16652810658058,90.46973247593085,"C[Low Value]",78873.2750000000,88,44.018867924,44.23457648954007,1.0049003660410463,92,"Y [Variable Demand]",161.00000,892.34770885114290,5991.47747345986012604253060,"Yes [Reorder]","Below Reorder point"
2876ZX,577.00000,30,47.00000,427.42500,632.00000,270132.6000000000,0.06486712078602,97.31695741225133,"C[Low Value]",246624.2250000000,153,12.018867924,31.505309864557777,2.6213209150627304,216,"Z [Uncertain Demand]",228.00000,1479.34770883200000,9932.76318744932922604800000,"Yes [Reorder]","Below Reorder point"
2884XX,690.00000,15,23.00000,30.00000,0.00000,0.0000000000,0.00000000000000,100.00000000000006,"C[Low Value]",20700.0000000000,290,0.000000000,0,10000,291,"Z [Uncertain Demand]",0.00000,0.00000000000000,0.00000000000000000000000,"No [There is Time]","In Stock"
2895ZX,470.00000,30,42.00000,30.00000,0.00000,0.0000000000,0.00000000000000,100.00000000000006,"C[Low Value]",14100.0000000000,290,0.000000000,0,10000,291,"Z [Uncertain Demand]",0.00000,0.00000000000000,0.00000000000000000000000,"No [There is Time]","In Stock"
2923ZX,495.00000,15,22.00000,20.18857,3695.77000,74612.3113489000,0.01791670391649,99.43529936189633,"C[Low Value]",9993.3421500000,207,73.071132075,92.92834171047079,1.271751772164819,124,"Y [Variable Demand]",374.77000,1021.26757380376860,3209.69808822218625102534120,"Yes [Reorder]","Below Reorder point"
2925ZX,131.00000,30,43.00000,48.00000,173.00000,8304.0000000000,0.00199404503939,99.99115450481356,"C[Low Value]",6288.0000000000,281,3.547169811,13.846280118577244,3.9034725869731544,249,"Z [Uncertain Demand]",87.00000,519.22641502114290,3189.53369182768374426759180,"Yes [Reorder]","Below Reorder point"
2930ZX,233.00000,15,24.00000,20.00833,1062.00000,21248.8464600000,0.00510249962383,99.95787798104977,"C[Low Value]",4661.9408900000,271,20.452830188,45.89510848179869,2.243949031011174,200,"Z [Uncertain Demand]",316.00000,1039.60107798800000,3564.34655250765652686400000,"Yes [Reorder]","Below Reorder point"
2935YX,759.00000,15,20.00000,23.49500,1558.40000,36614.6080000000,0.00879229015553,99.66774922122301,"C[Low Value]",17832.7050000000,225,33.422641509,38.95312442483132,1.1654711496798384,114,"Y [Variable Demand]",213.00000,536.95148245028570,1534.14709263839464536424490,"Yes [Reorder]","Below Reorder point"
2938ZX,304.00000,15,24.00000,29.20600,766.40000,22383.4784000000,0.00537495954573,99.95277548142594,"C[Low Value]",8878.6240000000,270,14.460377358,37.358327806011005,2.583496051390598,214,"Z [Uncertain Demand]",270.00000,894.72776265000000,3067.63804286015556420000000,"Yes [Reorder]","Below Reorder point"
2953YX,868.00000,30,41.00000,47.90925,9028.00000,432524.7090000000,0.10386244585674,94.49108682102646,"C[Low Value]",41585.2290000000,118,170.339622641,252.27425502972167,1.4810074785794456,142,"Y [Variable Demand]",1397.00000,7452.40161705328570,43649.78089881890172613524490,"Yes [Reorder]","Below Reorder point"
2953ZX,35.00000,30,42.00000,1519.82000,157.00000,238611.7400000000,0.05729799572336,97.92529630540981,"C[Low Value]",53193.7000000000,163,3.000000000,3.4477227923413727,1.1492409307804576,109,"Y [Variable Demand]",21.00000,113.14285714285710,678.85714285714260000000000,"Yes [Reorder]","Below Reorder point"
2956XX,405.00000,30,47.00000,12.02259,2566.00000,30849.9659400000,0.00740802282610,99.68275476696416,"C[Low Value]",4869.1489500000,227,48.773584905,103.77909076303027,2.127772460547418,193,"Z [Uncertain Demand]",650.00000,4155.25606450714290,27899.57643193217202442653060,"Yes [Reorder]","Below Reorder point"
2970ZX,28.00000,60,96.00000,512.20500,154.00000,78879.5700000000,0.01894140357269,99.36147457883028,"C[Low Value]",14341.7400000000,203,2.962264150,2.712391301367432,0.9156480192245624,84,"Y [Variable Demand]",10.00000,111.75202156857140,1532.59915290847862240897960,"Yes [Reorder]","Below Reorder point"
2977YX,442.00000,60,89.00000,52.80000,195.00000,10296.0000000000,0.00247238532340,99.98463690819264,"C[Low Value]",23337.6000000000,278,3.679245283,6.377358490566038,1.733333333342222,166,"Z [Uncertain Demand]",26.00000,299.03504042400000,3802.01694244827570273600000,"Yes [Reorder]","Below Reorder point"
2982XX,200.00000,30,48.00000,30.00000,0.00000,0.0000000000,0.00000000000000,100.00000000000006,"C[Low Value]",6000.0000000000,290,0.000000000,0,10000,291,"Z [Uncertain Demand]",0.00000,0.00000000000000,0.00000000000000000000000,"No [There is Time]","In Stock"
2987XX,15.00000,30,43.00000,30.00000,0.00000,0.0000000000,0.00000000000000,100.00000000000006,"C[Low Value]",450.0000000000,290,0.000000000,0,10000,291,"Z [Uncertain Demand]",0.00000,0.00000000000000,0.00000000000000000000000,"No [There is Time]","In Stock"
2988XX,29.00000,30,40.00000,9261.00000,92.00000,852012.0000000000,0.20459420786360,88.80646135642711,"B[Medium Value]",268569.0000000000,79,1.754716981,2.753424354257313,1.5691558149099105,152,"Z [Uncertain Demand]",14.00000,72.47978436314290,414.17019634010806161053060,"Yes [Reorder]","Below Reorder point"
2994ZX,12.00000,30,48.00000,12977.00000,41.00000,532057.0000000000,0.12776320105032,93.22237254351455,"C[Low Value]",155724.0000000000,107,0.773584905,1.3823893648312606,1.7869911316732074,171,"Z [Uncertain Demand]",8.00000,51.54177897742860,353.42934155214728871751020,"Yes [Reorder]","Below Reorder point"
3003XX,4.00000,30,44.00000,13182.00000,15.00000,197730.0000000000,0.04748103632445,98.33054492681227,"C[Low Value]",52728.0000000000,171,0.320754716,1.0420151903006851,3.2486356032273744,232,"Z [Uncertain Demand]",7.00000,42.62533692642860,267.93068922139024505255100,"Yes [Reorder]","Below Reorder point"
3006ZX,4.00000,60,79.00000,30.00000,838.86376,25165.9128000000,0.00604310736760,99.91271357035927,"C[Low Value]",120.0000000000,263,15.827618113,11.8761172719532,0.7503414087429088,25,"X [Uniform Demand]",48.78042,414.85658471087110,4681.95288429779056806366350,"Yes [Reorder]","Below Reorder point"
3007ZX,5.00000,30,47.00000,18832.33000,331.68389,6246380.4721637000,1.49994749453879,55.96631891121541,"A [High Value]",94161.6500000000,20,6.371394150,5.041050254169838,0.79120050266704,44,"X [Uniform Demand]",21.23225,115.25341792250510,773.84437744674755202214140,"Yes [Reorder]","Below Reorder point"
3016YX,6.00000,60,79.00000,20005.80000,199.76618,3996482.2438440000,0.95967793754102,63.80432735402044,"A [High Value]",120034.8000000000,27,3.769173207,3.055088614753322,0.810546092463859,54,"X [Uniform Demand]",11.44106,96.81333536039920,1092.60764185535287474257200,"Yes [Reorder]","Below Reorder point"
3025ZX,15.00000,30,45.00000,1092.50000,115.00000,125637.5000000000,0.03016941638200,98.99530058008910,"C[Low Value]",16387.5000000000,188,2.188679245,2.8751151168000666,1.3136301828457586,130,"Y [Variable Demand]",14.00000,80.61994608485710,518.27108192801281652293880,"Yes [Reorder]","Below Reorder point"
3027ZX,27.00000,30,46.00000,1145.83000,47.00000,53854.0100000000,0.01293199921624,99.56494007785735,"C[Low Value]",30937.4100000000,216,0.886792452,1.0579506240661272,1.1930081516595128,120,"Y [Variable Demand]",5.00000,29.05660377500000,190.94339622326145552500000,"Yes [Reorder]","Below Reorder point"
3038YX,10.00000,15,22.00000,1300.00000,188.00447,244405.8110000000,0.05868932984372,97.81024538401757,"C[Low Value]",13000.0000000000,161,3.547254150,2.619536185772483,0.7384687070624705,20,"X [Uniform Demand]",10.38895,25.04972681252380,78.72771281788931987497960,"Yes [Reorder]","Below Reorder point"
3044XX,28.00000,15,21.00000,1450.00000,38.00000,55100.0000000000,0.01323119962311,99.55200807864111,"C[Low Value]",40600.0000000000,215,0.716981132,3.9543496876824373,5.515277196558691,272,"Z [Uncertain Demand]",29.00000,85.46361186000000,256.39083558000000000000000,"Yes [Reorder]","Below Reorder point"
3053XX,273.00000,15,23.00000,40.87148,3044.00000,124412.7851200000,0.02987532478384,99.02517590487294,"C[Low Value]",11157.9140400000,189,58.792452830,60.078146747591454,1.021868349689527,94,"Y [Variable Demand]",350.00000,1024.01617225714290,3364.62456525631511981632650,"Yes [Reorder]","Below Reorder point"
3075XX,233.00000,30,47.00000,60.38000,524.00000,31639.1200000000,0.00759752291505,99.67534674413806,"C[Low Value]",14068.5400000000,226,9.924528301,39.4365260518932,3.9736423591960093,251,"Z [Uncertain Demand]",292.00000,1918.03773576942860,12878.25336818958124692302040,"Yes [Reorder]","Below Reorder point"
3075YX,438.00000,30,43.00000,31.00000,2544.10633,78867.2962300000,0.01893845626414,99.38041303509442,"C[Low Value]",13578.0000000000,204,48.228421320,35.030931198238626,0.7263545071443492,15,"X [Uniform Demand]",178.00000,886.73533704742860,5447.08849824557396824506120,"Yes [Reorder]","Below Reorder point"
3079YX,13347.00000,15,24.00000,134.50000,25393.00000,3415358.5000000000,0.82013230667844,68.93255479592409,"A [High Value]",1795171.5000000000,33,479.962264150,743.5848649657914,1.549256932277082,149,"Z [Uncertain Demand]",4292.00000,13686.93800294028570,46926.64457368844354117697960,"Yes [Reorder]","Below Reorder point"
3084ZX,44.00000,30,45.00000,2769.81000,197.00000,545652.5700000000,0.13102791431093,92.70598668671078,"C[Low Value]",121871.6400000000,103,3.754716981,4.334615651292352,1.154445374505406,110,"Y [Variable Demand]",28.00000,163.90835577971430,1053.69657277593001098302040,"Yes [Reorder]","Below Reorder point"
3098XX,88.00000,15,22.00000,3862.32000,962.94029,3719183.5408728000,0.89309001568547,64.69741736970591,"A [High Value]",339884.1600000000,28,18.187552641,14.799662709927274,0.8137248041039099,55,"X [Uniform Demand]",69.14013,178.32422428145136,560.44756187456922490161312,"Yes [Reorder]","Below Reorder point"
3120YX,119.00000,30,42.00000,1534.88000,231.00000,354557.2800000000,0.08514007530865,95.62427890122490,"C[Low Value]",182650.7200000000,130,4.528301886,5.119713190614039,1.1306033297917892,107,"Y [Variable Demand]",17.00000,82.59299191714290,495.55795150285740000000000,"Yes [Reorder]","Below Reorder point"
3125XX,144.00000,30,43.00000,119.13600,492.00000,58614.9120000000,0.01407523777791,99.49833964350633,"C[Low Value]",17155.5840000000,211,9.396226415,32.95986102201048,3.5077763738636434,237,"Z [Uncertain Demand]",243.00000,1452.44474372742860,8922.16056736639447680506120,"Yes [Reorder]","Below Reorder point"
3126YX,190.00000,60,82.00000,30.00000,861.70828,25851.2484000000,0.00620767746074,99.85174033046104,"C[Low Value]",5700.0000000000,253,16.258646792,12.103342467612974,0.7444249587590754,22,"X [Uniform Demand]",50.04832,446.92049033998618,5235.35431528357511133143252,"Yes [Reorder]","Below Reorder point"
3132YX,34.00000,15,24.00000,190.00000,91.00000,17290.0000000000,0.00415185919208,99.97149202099156,"C[Low Value]",6460.0000000000,274,1.735849056,8.25113129669679,4.753369118228671,264,"Z [Uncertain Demand]",61.00000,205.42318055942860,704.30804751494195396604080,"Yes [Reorder]","Below Reorder point"
3138ZX,241.00000,15,21.00000,376.11600,448.00000,168499.9680000000,0.04046200931208,98.72292970546755,"C[Low Value]",90643.9560000000,180,8.811320754,9.421085551707304,1.0692024288674877,103,"Y [Variable Demand]",40.00000,101.11859838428570,303.35579515285710000000000,"Yes [Reorder]","Below Reorder point"
3143ZX,646.00000,30,41.00000,47.76400,1576.00000,75276.0640000000,0.01807609128178,99.41738265797984,"C[Low Value]",30855.5440000000,206,29.811320754,119.1688284878276,3.997435386080231,252,"Z [Uncertain Demand]",868.00000,4956.23719664457140,29029.38929392445574333648980,"Yes [Reorder]","Below Reorder point"
3160YX,390.00000,30,46.00000,270.90900,1289.00000,349201.7010000000,0.08385403656371,95.79307721172032,"C[Low Value]",105654.5100000000,132,24.679245283,88.61444440902942,3.5906464477692275,239,"Z [Uncertain Demand]",655.00000,4198.51751993500000,27590.25798634492106288500000,"Yes [Reorder]","Below Reorder point"
3161YX,317.00000,30,48.00000,360.00000,861.00000,309960.0000000000,0.07443090081994,96.41741472590794,"C[Low Value]",114120.0000000000,140,16.245283018,50.58335383599292,3.1137256137640605,228,"Z [Uncertain Demand]",266.00000,1754.37735845628570,12030.01617202104803450624490,"Yes [Reorder]","Below Reorder point"
3177ZX,11771.00000,30,42.00000,69.45642,11305.55000,785243.0291310000,0.18856093050975,89.77919755147382,"B[Medium Value]",817571.5198200000,84,216.920754716,364.9867671979617,1.6825811235804278,163,"Z [Uncertain Demand]",2054.25000,11395.83962264571430,68375.03773587428580000000000,"Yes [Reorder]","Below Reorder point"
3178ZX,4.00000,30,47.00000,26000.00000,223.03637,5798945.6200000000,1.39250466609389,57.35882357730930,"A [High Value]",104000.0000000000,21,4.208233396,2.4038816087869095,0.5712329575331638,1,"X [Uniform Demand]",9.55907,46.14704115726888,309.84441918562046824078032,"Yes [Reorder]","Below Reorder point"
3180YX,250.00000,30,46.00000,30.00000,1748.65118,52459.5354000000,0.01259714310368,99.60319032831127,"C[Low Value]",7500.0000000000,219,32.993418490,20.118117742801214,0.6097615422572483,2,"X [Uniform Demand]",74.61256,348.91074358230886,2292.84202910563933275043906,"Yes [Reorder]","Below Reorder point"
3193XX,687.00000,15,22.00000,1425.00000,452.00000,644100.0000000000,0.15466816111151,91.42658797867002,"C[Low Value]",978975.0000000000,94,8.773584905,11.475390418702927,1.307947725240932,129,"Y [Variable Demand]",54.00000,150.91374658585710,474.30034628333910292640820,"No [There is Time]","In Stock"
3205XX,14.00000,60,91.00000,76300.00000,186.27548,14212819.1240000000,3.41293370302694,20.60855287004701,"A [High Value]",1068200.0000000000,4,3.514631698,2.1520576856850244,0.6123138555057283,4,"X [Uniform Demand]",7.89541,72.51491544571430,942.69390079428590000000000,"Yes [Reorder]","Below Reorder point"
3239XX,800.00000,30,42.00000,687.50000,1721.08294,1183244.5212500000,0.28413329335043,86.00068958487453,"B[Medium Value]",550000.0000000000,67,32.473263018,22.030476043581647,0.6784189205553538,7,"X [Uniform Demand]",93.18651,419.94793278000000,2519.68759668000000000000000,"Yes [Reorder]","Below Reorder point"
3249ZX,86.00000,60,87.00000,320.00000,1684.80557,539137.7824000000,0.12946351403439,93.09460934246423,"C[Low Value]",27520.0000000000,106,31.788784339,19.419929057997088,0.6109050554088598,3,"X [Uniform Demand]",64.12273,524.47863562907274,6518.52018537591626249767272,"Yes [Reorder]","Below Reorder point"
3250ZX,418.00000,60,94.00000,34.75342,26725.00000,928785.1495000000,0.22302979528155,87.74646536867086,"B[Medium Value]",14526.9295600000,74,504.245283018,601.1821343853835,1.1922414638907453,118,"Y [Variable Demand]",3155.00000,38045.04042947142860,510890.54288830487524030204080,"Yes [Reorder]","Below Reorder point"
3264ZX,930.00000,30,47.00000,30.00000,1794.02951,53820.8853000000,0.01292404496001,99.57786412281736,"C[Low Value]",27900.0000000000,217,33.849613396,21.881169353915524,0.6464230210824569,6,"X [Uniform Demand]",79.03646,385.60360256598954,2589.05275997575731069543156,"Yes [Reorder]","Below Reorder point"
3271ZX,285.00000,30,40.00000,34.50000,277.72306,9581.4455700000,0.00230079889319,99.98693770708583,"C[Low Value]",9832.5000000000,279,5.240057735,3.2887415971907834,0.6276155270626581,5,"X [Uniform Demand]",11.70941,44.45352398951164,254.02013707022265028871096,"No [There is Time]","In Stock"
3274ZX,0.00000,60,92.00000,30.00000,0.00000,0.0000000000,0.00000000000000,100.00000000000006,"C[Low Value]",0.0000000000,290,0.000000000,0,10000,291,"Z [Uncertain Demand]",0.00000,0.00000000000000,0.00000000000000000000000,"No [There is Time]","Out Of Stock"
3276XX,0.00000,30,43.00000,30.00000,0.00000,0.0000000000,0.00000000000000,100.00000000000006,"C[Low Value]",0.0000000000,290,0.000000000,0,10000,291,"Z [Uncertain Demand]",0.00000,0.00000000000000,0.00000000000000000000000,"No [There is Time]","Out Of Stock"
3291ZX,0.00000,60,86.00000,30.00000,0.00000,0.0000000000,0.00000000000000,100.00000000000006,"C[Low Value]",0.0000000000,290,0.000000000,0,10000,291,"Z [Uncertain Demand]",0.00000,0.00000000000000,0.00000000000000000000000,"No [There is Time]","Out Of Stock"
3296XX,0.00000,30,44.00000,30.00000,0.00000,0.0000000000,0.00000000000000,100.00000000000006,"C[Low Value]",0.0000000000,290,0.000000000,0,10000,291,"Z [Uncertain Demand]",0.00000,0.00000000000000,0.00000000000000000000000,"No [There is Time]","Out Of Stock"
3299ZX,0.00000,60,82.00000,30.00000,0.00000,0.0000000000,0.00000000000000,100.00000000000006,"C[Low Value]",0.0000000000,290,0.000000000,0,10000,291,"Z [Uncertain Demand]",0.00000,0.00000000000000,0.00000000000000000000000,"No [There is Time]","Out Of Stock"
3300ZX,0.00000,30,42.00000,30.00000,0.00000,0.0000000000,0.00000000000000,100.00000000000006,"C[Low Value]",0.0000000000,290,0.000000000,0,10000,291,"Z [Uncertain Demand]",0.00000,0.00000000000000,0.00000000000000000000000,"No [There is Time]","Out Of Stock"
3312XX,0.00000,60,84.00000,30.00000,0.00000,0.0000000000,0.00000000000000,100.00000000000006,"C[Low Value]",0.0000000000,290,0.000000000,0,10000,291,"Z [Uncertain Demand]",0.00000,0.00000000000000,0.00000000000000000000000,"No [There is Time]","Out Of Stock"
3322XX,6802.00000,60,90.00000,28.50000,12831.60000,365700.6000000000,0.08781592814684,95.53913882591625,"C[Low Value]",193857.0000000000,129,242.105660377,1135.5110691143293,4.690146720841405,263,"Z [Uncertain Demand]",6900.00000,86639.09433864000000,1113931.21291299441509448000000,"Yes [Reorder]","Below Reorder point"
3332ZX,0.00000,30,46.00000,30.00000,0.00000,0.0000000000,0.00000000000000,100.00000000000006,"C[Low Value]",0.0000000000,290,0.000000000,0,10000,291,"Z [Uncertain Demand]",0.00000,0.00000000000000,0.00000000000000000000000,"No [There is Time]","Out Of Stock"
3345XX,240.00000,40,61.00000,31.06467,1536.00000,47715.3331200000,0.01145791465688,99.62677629790226,"C[Low Value]",7455.5208000000,221,29.471698113,57.00202041225096,1.934127453182187,182,"Z [Uncertain Demand]",328.00000,2689.87601068914290,23440.34809237970926837453060,"Yes [Reorder]","Below Reorder point"
3358YX,48.00000,30,40.00000,1363.64000,187.00000,255000.6800000000,0.06123348277874,97.63265121823308,"C[Low Value]",65454.7200000000,158,3.566037735,3.5101439736223274,0.9843260880755451,89,"Y [Variable Demand]",18.00000,87.57412398771430,500.42356561906053600351020,"Yes [Reorder]","Below Reorder point"
3365ZX,310.00000,30,45.00000,13.32480,9015.00000,120123.0720000000,0.02884523312111,99.05402113799405,"C[Low Value]",4130.6880000000,190,170.471698113,566.2287558186923,3.321541124341697,233,"Z [Uncertain Demand]",2928.00000,18092.26414927114290,116307.41237783319627184506120,"Yes [Reorder]","Below Reorder point"
3378ZX,1900.00000,15,22.00000,1.50000,13845.00000,20767.5000000000,0.00498691357846,99.96286489462823,"C[Low Value]",2850.0000000000,272,266.886792452,530.0322403998615,1.9859815299597061,185,"Z [Uncertain Demand]",2500.00000,7285.24258546000000,22896.47669091550635532000000,"Yes [Reorder]","Below Reorder point"
3399XX,14.00000,40,59.00000,194.75300,404.00000,78680.2120000000,0.01889353160364,99.39930656669806,"C[Low Value]",2726.5420000000,205,7.735849056,6.510226913693725,0.8415659181773111,66,"Y [Variable Demand]",24.00000,158.08086252342860,1332.39584117856627855804080,"Yes [Reorder]","Below Reorder point"
3404ZX,86.00000,15,24.00000,396.54000,1294.00000,513122.7600000000,0.12321650941417,93.46960848239569,"C[Low Value]",34102.4400000000,109,24.603773584,24.68009634445088,1.003102075386538,91,"Y [Variable Demand]",121.00000,362.13477082228570,1241.60492832661681667297960,"Yes [Reorder]","Below Reorder point"
3407ZX,4.00000,15,21.00000,1017.59200,641.00000,652276.4720000000,0.15663158276750,91.27191981755851,"C[Low Value]",4070.3680000000,93,12.169811320,19.253753222993883,1.5820913502045881,156,"Z [Uncertain Demand]",138.00000,387.92183288571430,1163.76549865714290000000000,"Yes [Reorder]","Below Reorder point"
3413XX,160.00000,30,44.00000,35.30040,14530.12000,512919.0480480000,0.12316759192773,93.59277607432342,"C[Low Value]",5648.0640000000,110,274.700377358,1729.014928056252,6.294184757536513,281,"Z [Uncertain Demand]",12732.12000,78853.18123079991430,495648.56768013290329228577550,"Yes [Reorder]","Below Reorder point"
3420XX,73.00000,15,20.00000,17.25500,247.00000,4261.9850000000,0.00102343329085,99.99887363109785,"C[Low Value]",1259.6150000000,286,4.716981132,6.617236949717049,1.40285423336246,136,"Y [Variable Demand]",43.00000,112.74932613957140,322.14093181123981055148980,"Yes [Reorder]","Below Reorder point"
3423ZX,72.00000,15,21.00000,29.55500,268.00000,7920.7400000000,0.00190201256085,99.99305651737441,"C[Low Value]",2127.9600000000,282,5.056603773,6.858172632842699,1.3562804088907006,134,"Y [Variable Demand]",43.00000,118.16442048642860,354.49326145928580000000000,"Yes [Reorder]","Below Reorder point"
3448ZX,1565.00000,30,40.00000,6.52550,7739.80000,50506.0649000000,0.01212805493411,99.61531838324538,"C[Low Value]",10212.4075000000,220,148.581132075,340.859378439873,2.29409598432603,202,"Z [Uncertain Demand]",2512.00000,13717.50943324657140,78385.76818606111959050097960,"Yes [Reorder]","Below Reorder point"
3461ZX,177.00000,15,23.00000,30.06400,36351.16000,1092861.2742400000,0.26242950417123,86.53010103867970,"B[Medium Value]",5321.3280000000,69,687.342641509,4758.764858704232,6.923424463025871,286,"Z [Uncertain Demand]",35000.16000,113527.64860033774290,373019.41674858997767118732650,"Yes [Reorder]","Below Reorder point"
3462XX,820.00000,30,46.00000,4.10000,12929.00000,53008.9000000000,0.01272906239023,99.59059318520759,"C[Low Value]",3362.0000000000,218,247.716981132,686.8979319789252,2.772914189572254,220,"Z [Uncertain Demand]",5036.00000,32032.07007870457140,210496.46050347343916626946940,"Yes [Reorder]","Below Reorder point"
3494XX,2680.00000,30,42.00000,3.50000,7852.00000,27482.0000000000,0.00659927092636,99.73073481580924,"C[Low Value]",9380.0000000000,234,148.716981132,176.35773863313202,1.1858614752043568,116,"Y [Variable Demand]",1000.00000,5362.64150943428570,32175.84905660571420000000000,"Yes [Reorder]","Below Reorder point"
3495ZX,427.00000,15,22.00000,39.83500,2667.00000,106239.9450000000,0.02551146860695,99.18847971683030,"C[Low Value]",17009.5450000000,195,51.415094339,125.97161015329503,2.450090032368987,211,"Z [Uncertain Demand]",930.00000,2812.68193990500000,8839.85752300484405151000000,"Yes [Reorder]","Below Reorder point"
3502YX,376.00000,40,55.00000,1234.33500,1225.00000,1512060.3750000000,0.36309206286421,84.08059210641544,"B[Medium Value]",464109.9600000000,61,23.113207547,27.48149317395493,1.1889952148818876,117,"Y [Variable Demand]",153.00000,1070.06738542385710,8407.67231389172473065373470,"Yes [Reorder]","Below Reorder point"
3512XX,70141.00000,20,31.00000,0.10295,294999.00000,30370.1470500000,0.00729280359713,99.69004757056129,"C[Low Value]",7221.0159500000,228,5688.660377358,5285.313092753356,0.9290962620637283,85,"Y [Variable Demand]",29670.00000,115142.39890488000000,509916.33794153005776864000000,"Yes [Reorder]","Below Reorder point"
3533ZX,82476.00000,40,64.00000,0.64377,486130.00000,312955.9101000000,0.07515031070354,96.34298382508800,"C[Low Value]",53095.5745200000,139,9272.264150943,11897.417007050657,1.28311886000796,127,"Y [Variable Demand]",54431.00000,444670.49051938485710,4065558.77008180113018338440820,"Yes [Reorder]","Below Reorder point"
3551ZX,10034.00000,20,31.00000,7.06831,81297.00000,574632.3980700000,0.13798685968730,92.43942032052564,"C[Low Value]",70923.4225400000,101,1535.792452830,1938.1256298094231,1.2619710601117,123,"Y [Variable Demand]",12110.00000,49242.02155642285710,218071.80972173435483918693880,"Yes [Reorder]","Below Reorder point"
3556XX,262.00000,30,42.00000,1077.43125,739.00000,796221.6937500000,0.19119724454185,89.59063662096407,"B[Medium Value]",282286.9875000000,83,13.943396226,32.378315067014434,2.322125437892898,205,"Z [Uncertain Demand]",222.00000,1272.24258760285710,7633.45552561714260000000000,"Yes [Reorder]","Below Reorder point"
3570ZX,416.00000,15,21.00000,1160.00000,581.00000,673960.0000000000,0.16183846275845,90.95836764804493,"C[Low Value]",482560.0000000000,91,11.037735849,30.47483481723521,2.7609679407209384,219,"Z [Uncertain Demand]",162.00000,462.34770889500000,1387.04312668500000000000000,"Yes [Reorder]","Below Reorder point"
3576YX,162.00000,60,96.00000,44.79000,1030.00000,46133.7000000000,0.01107811604451,99.63785441394677,"C[Low Value]",7255.9800000000,222,19.433962264,30.963465649942673,1.5932657082133084,158,"Z [Uncertain Demand]",216.00000,2795.70889481828570,38341.15055670914420148048980,"Yes [Reorder]","Below Reorder point"
3579ZX,116.00000,120,187.00000,86.65000,179.00000,15510.3500000000,0.00372451065471,99.97521653164627,"C[Low Value]",10051.4000000000,275,3.377358490,16.38479094021353,4.851362681434961,265,"Z [Uncertain Demand]",116.00000,3040.95956870971430,81237.06276323352213751151020,"Yes [Reorder]","Below Reorder point"
3590YX,145.00000,120,160.00000,115.08500,1254.00000,144316.5900000000,0.03465483867906,98.86725982240115,"C[Low Value]",16687.3250000000,184,24.132075471,39.13886151382124,1.6218605631685181,159,"Z [Uncertain Demand]",176.00000,3609.16442047200000,82495.18675313011936850400000,"Yes [Reorder]","Below Reorder point"
3610XX,275.00000,120,188.00000,156.16000,355.00000,55436.8000000000,0.01331207563097,99.53877687901800,"C[Low Value]",42944.0000000000,214,6.735849056,18.556543822024768,2.754893060659578,218,"Z [Uncertain Demand]",100.00000,2570.24258759714290,69029.37235224180323034326530,"Yes [Reorder]","Below Reorder point"
3616ZX,331.00000,120,167.00000,433.10000,334.00000,144655.4000000000,0.03473619734956,98.83260498372209,"C[Low Value]",143356.1000000000,183,6.301886792,16.757521437906654,2.6591276535115917,217,"Z [Uncertain Demand]",88.00000,1991.39622641028570,47509.02425836090223908424490,"Yes [Reorder]","Below Reorder point"
3619ZX,36357.00000,15,22.00000,0.74550,359295.00000,267854.4225000000,0.06432006050871,97.44592647929980,"C[Low Value]",27104.1435000000,155,6779.150943396,6195.308155937638,0.9138767092909886,83,"Y [Variable Demand]",33673.00000,91302.67652100314290,286951.26898775044066771159180,"Yes [Reorder]","Below Reorder point"
